id,site,directory,model,forcing,parameters
ca5223b3cbca496bbf255954682760c5,aksaut_2900,gt_aksaut_2900_merra2_e24a49c,geotop,scaled_merra2_Aksaut_3alt,basicgeotop:/scratch/s/stgruber/vpo001/gtpem_runs/Caucasus/Aksaut/parameter/aspect_22.5.inpts;basicgeotop:/scratch/s/stgruber/vpo001/gtpem_runs/Caucasus/Aksaut/parameter/slope_55.inpts;basicgeotop:/scratch/s/stgruber/vpo001/gtpem_runs/Caucasus/Aksaut/parameter/snow_0.8.inpts;basicgeotop:/scratch/s/stgruber/vpo001/gtpem_runs/Caucasus/Aksaut/parameter/pointmaxswe_2000.inpts;basicgeotop:/scratch/s/stgruber/vpo001/gtpem_runs/Caucasus/Aksaut/parameter/soil_rock.inpts;basicgeotop:/scratch/s/stgruber/vpo001/gtpem_runs/Caucasus/Aksaut/parameter/loc/loc_aksaut_2900.inpts
6ef28a09972646558e1b898a7823fd29,aksaut_2900,gt_aksaut_2900_merra2_cbcc13e,geotop,scaled_merra2_Aksaut_3alt,basicgeotop:/scratch/s/stgruber/vpo001/gtpem_runs/Caucasus/Aksaut/parameter/aspect_22.5.inpts;basicgeotop:/scratch/s/stgruber/vpo001/gtpem_runs/Caucasus/Aksaut/parameter/slope_55.inpts;basicgeotop:/scratch/s/stgruber/vpo001/gtpem_runs/Caucasus/Aksaut/parameter/snow_1.inpts;basicgeotop:/scratch/s/stgruber/vpo001/gtpem_runs/Caucasus/Aksaut/parameter/pointmaxswe_2000.inpts;basicgeotop:/scratch/s/stgruber/vpo001/gtpem_runs/Caucasus/Aksaut/parameter/soil_rock.inpts;basicgeotop:/scratch/s/stgruber/vpo001/gtpem_runs/Caucasus/Aksaut/parameter/loc/loc_aksaut_2900.inpts
6ed49c931f87410596c1ec61874ae3b4,aksaut_2900,gt_aksaut_2900_merra2_bb6d8de,geotop,scaled_merra2_Aksaut_3alt,basicgeotop:/scratch/s/stgruber/vpo001/gtpem_runs/Caucasus/Aksaut/parameter/aspect_22.5.inpts;basicgeotop:/scratch/s/stgruber/vpo001/gtpem_runs/Caucasus/Aksaut/parameter/slope_55.inpts;basicgeotop:/scratch/s/stgruber/vpo001/gtpem_runs/Caucasus/Aksaut/parameter/snow_1.2.inpts;basicgeotop:/scratch/s/stgruber/vpo001/gtpem_runs/Caucasus/Aksaut/parameter/pointmaxswe_2000.inpts;basicgeotop:/scratch/s/stgruber/vpo001/gtpem_runs/Caucasus/Aksaut/parameter/soil_rock.inpts;basicgeotop:/scratch/s/stgruber/vpo001/gtpem_runs/Caucasus/Aksaut/parameter/loc/loc_aksaut_2900.inpts
73a2c9b899944740bf4c470cc4b10250,aksaut_2900,gt_aksaut_2900_merra2_bdd8de0,geotop,scaled_merra2_Aksaut_3alt,basicgeotop:/scratch/s/stgruber/vpo001/gtpem_runs/Caucasus/Aksaut/parameter/aspect_22.5.inpts;basicgeotop:/scratch/s/stgruber/vpo001/gtpem_runs/Caucasus/Aksaut/parameter/slope_60.inpts;basicgeotop:/scratch/s/stgruber/vpo001/gtpem_runs/Caucasus/Aksaut/parameter/snow_0.8.inpts;basicgeotop:/scratch/s/stgruber/vpo001/gtpem_runs/Caucasus/Aksaut/parameter/pointmaxswe_2000.inpts;basicgeotop:/scratch/s/stgruber/vpo001/gtpem_runs/Caucasus/Aksaut/parameter/soil_rock.inpts;basicgeotop:/scratch/s/stgruber/vpo001/gtpem_runs/Caucasus/Aksaut/parameter/loc/loc_aksaut_2900.inpts
ee07d5b2499748048abea475ddf3e137,aksaut_2900,gt_aksaut_2900_merra2_be83d94,geotop,scaled_merra2_Aksaut_3alt,basicgeotop:/scratch/s/stgruber/vpo001/gtpem_runs/Caucasus/Aksaut/parameter/aspect_22.5.inpts;basicgeotop:/scratch/s/stgruber/vpo001/gtpem_runs/Caucasus/Aksaut/parameter/slope_60.inpts;basicgeotop:/scratch/s/stgruber/vpo001/gtpem_runs/Caucasus/Aksaut/parameter/snow_1.inpts;basicgeotop:/scratch/s/stgruber/vpo001/gtpem_runs/Caucasus/Aksaut/parameter/pointmaxswe_2000.inpts;basicgeotop:/scratch/s/stgruber/vpo001/gtpem_runs/Caucasus/Aksaut/parameter/soil_rock.inpts;basicgeotop:/scratch/s/stgruber/vpo001/gtpem_runs/Caucasus/Aksaut/parameter/loc/loc_aksaut_2900.inpts
21b75699b27841f7aeb04aa7c338df2d,aksaut_2900,gt_aksaut_2900_merra2_d8bde03,geotop,scaled_merra2_Aksaut_3alt,basicgeotop:/scratch/s/stgruber/vpo001/gtpem_runs/Caucasus/Aksaut/parameter/aspect_22.5.inpts;basicgeotop:/scratch/s/stgruber/vpo001/gtpem_runs/Caucasus/Aksaut/parameter/slope_60.inpts;basicgeotop:/scratch/s/stgruber/vpo001/gtpem_runs/Caucasus/Aksaut/parameter/snow_1.2.inpts;basicgeotop:/scratch/s/stgruber/vpo001/gtpem_runs/Caucasus/Aksaut/parameter/pointmaxswe_2000.inpts;basicgeotop:/scratch/s/stgruber/vpo001/gtpem_runs/Caucasus/Aksaut/parameter/soil_rock.inpts;basicgeotop:/scratch/s/stgruber/vpo001/gtpem_runs/Caucasus/Aksaut/parameter/loc/loc_aksaut_2900.inpts
1fc9633d5ecb4c63af076c9a2a4e4a9b,aksaut_2900,gt_aksaut_2900_merra2_fbea492,geotop,scaled_merra2_Aksaut_3alt,basicgeotop:/scratch/s/stgruber/vpo001/gtpem_runs/Caucasus/Aksaut/parameter/aspect_22.5.inpts;basicgeotop:/scratch/s/stgruber/vpo001/gtpem_runs/Caucasus/Aksaut/parameter/slope_65.inpts;basicgeotop:/scratch/s/stgruber/vpo001/gtpem_runs/Caucasus/Aksaut/parameter/snow_0.8.inpts;basicgeotop:/scratch/s/stgruber/vpo001/gtpem_runs/Caucasus/Aksaut/parameter/pointmaxswe_2000.inpts;basicgeotop:/scratch/s/stgruber/vpo001/gtpem_runs/Caucasus/Aksaut/parameter/soil_rock.inpts;basicgeotop:/scratch/s/stgruber/vpo001/gtpem_runs/Caucasus/Aksaut/parameter/loc/loc_aksaut_2900.inpts
1bfcd72de2824c0aba2364443db5064a,aksaut_2900,gt_aksaut_2900_merra2_c8e4769,geotop,scaled_merra2_Aksaut_3alt,basicgeotop:/scratch/s/stgruber/vpo001/gtpem_runs/Caucasus/Aksaut/parameter/aspect_22.5.inpts;basicgeotop:/scratch/s/stgruber/vpo001/gtpem_runs/Caucasus/Aksaut/parameter/slope_65.inpts;basicgeotop:/scratch/s/stgruber/vpo001/gtpem_runs/Caucasus/Aksaut/parameter/snow_1.inpts;basicgeotop:/scratch/s/stgruber/vpo001/gtpem_runs/Caucasus/Aksaut/parameter/pointmaxswe_2000.inpts;basicgeotop:/scratch/s/stgruber/vpo001/gtpem_runs/Caucasus/Aksaut/parameter/soil_rock.inpts;basicgeotop:/scratch/s/stgruber/vpo001/gtpem_runs/Caucasus/Aksaut/parameter/loc/loc_aksaut_2900.inpts
e91beca31e7945d58b913547bc336059,aksaut_2900,gt_aksaut_2900_merra2_2035ee1,geotop,scaled_merra2_Aksaut_3alt,basicgeotop:/scratch/s/stgruber/vpo001/gtpem_runs/Caucasus/Aksaut/parameter/aspect_22.5.inpts;basicgeotop:/scratch/s/stgruber/vpo001/gtpem_runs/Caucasus/Aksaut/parameter/slope_65.inpts;basicgeotop:/scratch/s/stgruber/vpo001/gtpem_runs/Caucasus/Aksaut/parameter/snow_1.2.inpts;basicgeotop:/scratch/s/stgruber/vpo001/gtpem_runs/Caucasus/Aksaut/parameter/pointmaxswe_2000.inpts;basicgeotop:/scratch/s/stgruber/vpo001/gtpem_runs/Caucasus/Aksaut/parameter/soil_rock.inpts;basicgeotop:/scratch/s/stgruber/vpo001/gtpem_runs/Caucasus/Aksaut/parameter/loc/loc_aksaut_2900.inpts
b2fc8103968443789567f44276bbd646,aksaut_2900,gt_aksaut_2900_merra2_7c509de,geotop,scaled_merra2_Aksaut_3alt,basicgeotop:/scratch/s/stgruber/vpo001/gtpem_runs/Caucasus/Aksaut/parameter/aspect_22.5.inpts;basicgeotop:/scratch/s/stgruber/vpo001/gtpem_runs/Caucasus/Aksaut/parameter/slope_70.inpts;basicgeotop:/scratch/s/stgruber/vpo001/gtpem_runs/Caucasus/Aksaut/parameter/snow_0.8.inpts;basicgeotop:/scratch/s/stgruber/vpo001/gtpem_runs/Caucasus/Aksaut/parameter/pointmaxswe_2000.inpts;basicgeotop:/scratch/s/stgruber/vpo001/gtpem_runs/Caucasus/Aksaut/parameter/soil_rock.inpts;basicgeotop:/scratch/s/stgruber/vpo001/gtpem_runs/Caucasus/Aksaut/parameter/loc/loc_aksaut_2900.inpts
2c6d5e88e7ab4994861092aa5cc8a0f2,aksaut_2900,gt_aksaut_2900_merra2_dab3dda,geotop,scaled_merra2_Aksaut_3alt,basicgeotop:/scratch/s/stgruber/vpo001/gtpem_runs/Caucasus/Aksaut/parameter/aspect_22.5.inpts;basicgeotop:/scratch/s/stgruber/vpo001/gtpem_runs/Caucasus/Aksaut/parameter/slope_70.inpts;basicgeotop:/scratch/s/stgruber/vpo001/gtpem_runs/Caucasus/Aksaut/parameter/snow_1.inpts;basicgeotop:/scratch/s/stgruber/vpo001/gtpem_runs/Caucasus/Aksaut/parameter/pointmaxswe_2000.inpts;basicgeotop:/scratch/s/stgruber/vpo001/gtpem_runs/Caucasus/Aksaut/parameter/soil_rock.inpts;basicgeotop:/scratch/s/stgruber/vpo001/gtpem_runs/Caucasus/Aksaut/parameter/loc/loc_aksaut_2900.inpts
9f43468a15a3427ea9ff7ddcf56aa54d,aksaut_2900,gt_aksaut_2900_merra2_70f2a54,geotop,scaled_merra2_Aksaut_3alt,basicgeotop:/scratch/s/stgruber/vpo001/gtpem_runs/Caucasus/Aksaut/parameter/aspect_22.5.inpts;basicgeotop:/scratch/s/stgruber/vpo001/gtpem_runs/Caucasus/Aksaut/parameter/slope_70.inpts;basicgeotop:/scratch/s/stgruber/vpo001/gtpem_runs/Caucasus/Aksaut/parameter/snow_1.2.inpts;basicgeotop:/scratch/s/stgruber/vpo001/gtpem_runs/Caucasus/Aksaut/parameter/pointmaxswe_2000.inpts;basicgeotop:/scratch/s/stgruber/vpo001/gtpem_runs/Caucasus/Aksaut/parameter/soil_rock.inpts;basicgeotop:/scratch/s/stgruber/vpo001/gtpem_runs/Caucasus/Aksaut/parameter/loc/loc_aksaut_2900.inpts
f7943676757d42fc99ae0354b8d2c392,aksaut_2900,gt_aksaut_2900_merra2_f93e329,geotop,scaled_merra2_Aksaut_3alt,basicgeotop:/scratch/s/stgruber/vpo001/gtpem_runs/Caucasus/Aksaut/parameter/aspect_22.5.inpts;basicgeotop:/scratch/s/stgruber/vpo001/gtpem_runs/Caucasus/Aksaut/parameter/slope_75.inpts;basicgeotop:/scratch/s/stgruber/vpo001/gtpem_runs/Caucasus/Aksaut/parameter/snow_0.8.inpts;basicgeotop:/scratch/s/stgruber/vpo001/gtpem_runs/Caucasus/Aksaut/parameter/pointmaxswe_2000.inpts;basicgeotop:/scratch/s/stgruber/vpo001/gtpem_runs/Caucasus/Aksaut/parameter/soil_rock.inpts;basicgeotop:/scratch/s/stgruber/vpo001/gtpem_runs/Caucasus/Aksaut/parameter/loc/loc_aksaut_2900.inpts
7e83836636d2414abf666597741a321e,aksaut_2900,gt_aksaut_2900_merra2_5b7387d,geotop,scaled_merra2_Aksaut_3alt,basicgeotop:/scratch/s/stgruber/vpo001/gtpem_runs/Caucasus/Aksaut/parameter/aspect_22.5.inpts;basicgeotop:/scratch/s/stgruber/vpo001/gtpem_runs/Caucasus/Aksaut/parameter/slope_75.inpts;basicgeotop:/scratch/s/stgruber/vpo001/gtpem_runs/Caucasus/Aksaut/parameter/snow_1.inpts;basicgeotop:/scratch/s/stgruber/vpo001/gtpem_runs/Caucasus/Aksaut/parameter/pointmaxswe_2000.inpts;basicgeotop:/scratch/s/stgruber/vpo001/gtpem_runs/Caucasus/Aksaut/parameter/soil_rock.inpts;basicgeotop:/scratch/s/stgruber/vpo001/gtpem_runs/Caucasus/Aksaut/parameter/loc/loc_aksaut_2900.inpts
37f07e8b4e0a40ceacbd17f425674f1f,aksaut_2900,gt_aksaut_2900_merra2_8263024,geotop,scaled_merra2_Aksaut_3alt,basicgeotop:/scratch/s/stgruber/vpo001/gtpem_runs/Caucasus/Aksaut/parameter/aspect_22.5.inpts;basicgeotop:/scratch/s/stgruber/vpo001/gtpem_runs/Caucasus/Aksaut/parameter/slope_75.inpts;basicgeotop:/scratch/s/stgruber/vpo001/gtpem_runs/Caucasus/Aksaut/parameter/snow_1.2.inpts;basicgeotop:/scratch/s/stgruber/vpo001/gtpem_runs/Caucasus/Aksaut/parameter/pointmaxswe_2000.inpts;basicgeotop:/scratch/s/stgruber/vpo001/gtpem_runs/Caucasus/Aksaut/parameter/soil_rock.inpts;basicgeotop:/scratch/s/stgruber/vpo001/gtpem_runs/Caucasus/Aksaut/parameter/loc/loc_aksaut_2900.inpts
5bf9ab2e1fd14592a7844470c5d60183,aksaut_2900,gt_aksaut_2900_merra2_318a95a,geotop,scaled_merra2_Aksaut_3alt,basicgeotop:/scratch/s/stgruber/vpo001/gtpem_runs/Caucasus/Aksaut/parameter/aspect_45.inpts;basicgeotop:/scratch/s/stgruber/vpo001/gtpem_runs/Caucasus/Aksaut/parameter/slope_55.inpts;basicgeotop:/scratch/s/stgruber/vpo001/gtpem_runs/Caucasus/Aksaut/parameter/snow_0.8.inpts;basicgeotop:/scratch/s/stgruber/vpo001/gtpem_runs/Caucasus/Aksaut/parameter/pointmaxswe_2000.inpts;basicgeotop:/scratch/s/stgruber/vpo001/gtpem_runs/Caucasus/Aksaut/parameter/soil_rock.inpts;basicgeotop:/scratch/s/stgruber/vpo001/gtpem_runs/Caucasus/Aksaut/parameter/loc/loc_aksaut_2900.inpts
ae2a5acc30b74e95807e24890b4c0940,aksaut_2900,gt_aksaut_2900_merra2_0833010,geotop,scaled_merra2_Aksaut_3alt,basicgeotop:/scratch/s/stgruber/vpo001/gtpem_runs/Caucasus/Aksaut/parameter/aspect_45.inpts;basicgeotop:/scratch/s/stgruber/vpo001/gtpem_runs/Caucasus/Aksaut/parameter/slope_55.inpts;basicgeotop:/scratch/s/stgruber/vpo001/gtpem_runs/Caucasus/Aksaut/parameter/snow_1.inpts;basicgeotop:/scratch/s/stgruber/vpo001/gtpem_runs/Caucasus/Aksaut/parameter/pointmaxswe_2000.inpts;basicgeotop:/scratch/s/stgruber/vpo001/gtpem_runs/Caucasus/Aksaut/parameter/soil_rock.inpts;basicgeotop:/scratch/s/stgruber/vpo001/gtpem_runs/Caucasus/Aksaut/parameter/loc/loc_aksaut_2900.inpts
c215405902e94127a72873049651e1b2,aksaut_2900,gt_aksaut_2900_merra2_7b31adc,geotop,scaled_merra2_Aksaut_3alt,basicgeotop:/scratch/s/stgruber/vpo001/gtpem_runs/Caucasus/Aksaut/parameter/aspect_45.inpts;basicgeotop:/scratch/s/stgruber/vpo001/gtpem_runs/Caucasus/Aksaut/parameter/slope_55.inpts;basicgeotop:/scratch/s/stgruber/vpo001/gtpem_runs/Caucasus/Aksaut/parameter/snow_1.2.inpts;basicgeotop:/scratch/s/stgruber/vpo001/gtpem_runs/Caucasus/Aksaut/parameter/pointmaxswe_2000.inpts;basicgeotop:/scratch/s/stgruber/vpo001/gtpem_runs/Caucasus/Aksaut/parameter/soil_rock.inpts;basicgeotop:/scratch/s/stgruber/vpo001/gtpem_runs/Caucasus/Aksaut/parameter/loc/loc_aksaut_2900.inpts
c7ced46d8f8a4b08a4f5875ba2abb11c,aksaut_2900,gt_aksaut_2900_merra2_ad046cc,geotop,scaled_merra2_Aksaut_3alt,basicgeotop:/scratch/s/stgruber/vpo001/gtpem_runs/Caucasus/Aksaut/parameter/aspect_45.inpts;basicgeotop:/scratch/s/stgruber/vpo001/gtpem_runs/Caucasus/Aksaut/parameter/slope_60.inpts;basicgeotop:/scratch/s/stgruber/vpo001/gtpem_runs/Caucasus/Aksaut/parameter/snow_0.8.inpts;basicgeotop:/scratch/s/stgruber/vpo001/gtpem_runs/Caucasus/Aksaut/parameter/pointmaxswe_2000.inpts;basicgeotop:/scratch/s/stgruber/vpo001/gtpem_runs/Caucasus/Aksaut/parameter/soil_rock.inpts;basicgeotop:/scratch/s/stgruber/vpo001/gtpem_runs/Caucasus/Aksaut/parameter/loc/loc_aksaut_2900.inpts
016078e0d6bd4a219444987626c33992,aksaut_2900,gt_aksaut_2900_merra2_51be8fc,geotop,scaled_merra2_Aksaut_3alt,basicgeotop:/scratch/s/stgruber/vpo001/gtpem_runs/Caucasus/Aksaut/parameter/aspect_45.inpts;basicgeotop:/scratch/s/stgruber/vpo001/gtpem_runs/Caucasus/Aksaut/parameter/slope_60.inpts;basicgeotop:/scratch/s/stgruber/vpo001/gtpem_runs/Caucasus/Aksaut/parameter/snow_1.inpts;basicgeotop:/scratch/s/stgruber/vpo001/gtpem_runs/Caucasus/Aksaut/parameter/pointmaxswe_2000.inpts;basicgeotop:/scratch/s/stgruber/vpo001/gtpem_runs/Caucasus/Aksaut/parameter/soil_rock.inpts;basicgeotop:/scratch/s/stgruber/vpo001/gtpem_runs/Caucasus/Aksaut/parameter/loc/loc_aksaut_2900.inpts
dba6ddda0a13421382d1dbbe9f26d280,aksaut_2900,gt_aksaut_2900_merra2_9fdb240,geotop,scaled_merra2_Aksaut_3alt,basicgeotop:/scratch/s/stgruber/vpo001/gtpem_runs/Caucasus/Aksaut/parameter/aspect_45.inpts;basicgeotop:/scratch/s/stgruber/vpo001/gtpem_runs/Caucasus/Aksaut/parameter/slope_60.inpts;basicgeotop:/scratch/s/stgruber/vpo001/gtpem_runs/Caucasus/Aksaut/parameter/snow_1.2.inpts;basicgeotop:/scratch/s/stgruber/vpo001/gtpem_runs/Caucasus/Aksaut/parameter/pointmaxswe_2000.inpts;basicgeotop:/scratch/s/stgruber/vpo001/gtpem_runs/Caucasus/Aksaut/parameter/soil_rock.inpts;basicgeotop:/scratch/s/stgruber/vpo001/gtpem_runs/Caucasus/Aksaut/parameter/loc/loc_aksaut_2900.inpts
0faa00a4cd38445782a292dcd1c0af3f,aksaut_2900,gt_aksaut_2900_merra2_e470c38,geotop,scaled_merra2_Aksaut_3alt,basicgeotop:/scratch/s/stgruber/vpo001/gtpem_runs/Caucasus/Aksaut/parameter/aspect_45.inpts;basicgeotop:/scratch/s/stgruber/vpo001/gtpem_runs/Caucasus/Aksaut/parameter/slope_65.inpts;basicgeotop:/scratch/s/stgruber/vpo001/gtpem_runs/Caucasus/Aksaut/parameter/snow_0.8.inpts;basicgeotop:/scratch/s/stgruber/vpo001/gtpem_runs/Caucasus/Aksaut/parameter/pointmaxswe_2000.inpts;basicgeotop:/scratch/s/stgruber/vpo001/gtpem_runs/Caucasus/Aksaut/parameter/soil_rock.inpts;basicgeotop:/scratch/s/stgruber/vpo001/gtpem_runs/Caucasus/Aksaut/parameter/loc/loc_aksaut_2900.inpts
15c842ecb3ca454690fb8648e9170a28,aksaut_2900,gt_aksaut_2900_merra2_53e326e,geotop,scaled_merra2_Aksaut_3alt,basicgeotop:/scratch/s/stgruber/vpo001/gtpem_runs/Caucasus/Aksaut/parameter/aspect_45.inpts;basicgeotop:/scratch/s/stgruber/vpo001/gtpem_runs/Caucasus/Aksaut/parameter/slope_65.inpts;basicgeotop:/scratch/s/stgruber/vpo001/gtpem_runs/Caucasus/Aksaut/parameter/snow_1.inpts;basicgeotop:/scratch/s/stgruber/vpo001/gtpem_runs/Caucasus/Aksaut/parameter/pointmaxswe_2000.inpts;basicgeotop:/scratch/s/stgruber/vpo001/gtpem_runs/Caucasus/Aksaut/parameter/soil_rock.inpts;basicgeotop:/scratch/s/stgruber/vpo001/gtpem_runs/Caucasus/Aksaut/parameter/loc/loc_aksaut_2900.inpts
207b1b2df41a47efa1dd387ab13ac242,aksaut_2900,gt_aksaut_2900_merra2_529b443,geotop,scaled_merra2_Aksaut_3alt,basicgeotop:/scratch/s/stgruber/vpo001/gtpem_runs/Caucasus/Aksaut/parameter/aspect_45.inpts;basicgeotop:/scratch/s/stgruber/vpo001/gtpem_runs/Caucasus/Aksaut/parameter/slope_65.inpts;basicgeotop:/scratch/s/stgruber/vpo001/gtpem_runs/Caucasus/Aksaut/parameter/snow_1.2.inpts;basicgeotop:/scratch/s/stgruber/vpo001/gtpem_runs/Caucasus/Aksaut/parameter/pointmaxswe_2000.inpts;basicgeotop:/scratch/s/stgruber/vpo001/gtpem_runs/Caucasus/Aksaut/parameter/soil_rock.inpts;basicgeotop:/scratch/s/stgruber/vpo001/gtpem_runs/Caucasus/Aksaut/parameter/loc/loc_aksaut_2900.inpts
9b4d907a7f0247c19e3f8ba296a3832a,aksaut_2900,gt_aksaut_2900_merra2_d4ad5e8,geotop,scaled_merra2_Aksaut_3alt,basicgeotop:/scratch/s/stgruber/vpo001/gtpem_runs/Caucasus/Aksaut/parameter/aspect_45.inpts;basicgeotop:/scratch/s/stgruber/vpo001/gtpem_runs/Caucasus/Aksaut/parameter/slope_70.inpts;basicgeotop:/scratch/s/stgruber/vpo001/gtpem_runs/Caucasus/Aksaut/parameter/snow_0.8.inpts;basicgeotop:/scratch/s/stgruber/vpo001/gtpem_runs/Caucasus/Aksaut/parameter/pointmaxswe_2000.inpts;basicgeotop:/scratch/s/stgruber/vpo001/gtpem_runs/Caucasus/Aksaut/parameter/soil_rock.inpts;basicgeotop:/scratch/s/stgruber/vpo001/gtpem_runs/Caucasus/Aksaut/parameter/loc/loc_aksaut_2900.inpts
bb9eaa38b0b64fa3bf16c72662ca500e,aksaut_2900,gt_aksaut_2900_merra2_12287f0,geotop,scaled_merra2_Aksaut_3alt,basicgeotop:/scratch/s/stgruber/vpo001/gtpem_runs/Caucasus/Aksaut/parameter/aspect_45.inpts;basicgeotop:/scratch/s/stgruber/vpo001/gtpem_runs/Caucasus/Aksaut/parameter/slope_70.inpts;basicgeotop:/scratch/s/stgruber/vpo001/gtpem_runs/Caucasus/Aksaut/parameter/snow_1.inpts;basicgeotop:/scratch/s/stgruber/vpo001/gtpem_runs/Caucasus/Aksaut/parameter/pointmaxswe_2000.inpts;basicgeotop:/scratch/s/stgruber/vpo001/gtpem_runs/Caucasus/Aksaut/parameter/soil_rock.inpts;basicgeotop:/scratch/s/stgruber/vpo001/gtpem_runs/Caucasus/Aksaut/parameter/loc/loc_aksaut_2900.inpts
43707395c5d44daf8859455a1497e36d,aksaut_2900,gt_aksaut_2900_merra2_42b9058,geotop,scaled_merra2_Aksaut_3alt,basicgeotop:/scratch/s/stgruber/vpo001/gtpem_runs/Caucasus/Aksaut/parameter/aspect_45.inpts;basicgeotop:/scratch/s/stgruber/vpo001/gtpem_runs/Caucasus/Aksaut/parameter/slope_70.inpts;basicgeotop:/scratch/s/stgruber/vpo001/gtpem_runs/Caucasus/Aksaut/parameter/snow_1.2.inpts;basicgeotop:/scratch/s/stgruber/vpo001/gtpem_runs/Caucasus/Aksaut/parameter/pointmaxswe_2000.inpts;basicgeotop:/scratch/s/stgruber/vpo001/gtpem_runs/Caucasus/Aksaut/parameter/soil_rock.inpts;basicgeotop:/scratch/s/stgruber/vpo001/gtpem_runs/Caucasus/Aksaut/parameter/loc/loc_aksaut_2900.inpts
91648b7110fe494d9f05491b5849485f,aksaut_2900,gt_aksaut_2900_merra2_f4d098a,geotop,scaled_merra2_Aksaut_3alt,basicgeotop:/scratch/s/stgruber/vpo001/gtpem_runs/Caucasus/Aksaut/parameter/aspect_45.inpts;basicgeotop:/scratch/s/stgruber/vpo001/gtpem_runs/Caucasus/Aksaut/parameter/slope_75.inpts;basicgeotop:/scratch/s/stgruber/vpo001/gtpem_runs/Caucasus/Aksaut/parameter/snow_0.8.inpts;basicgeotop:/scratch/s/stgruber/vpo001/gtpem_runs/Caucasus/Aksaut/parameter/pointmaxswe_2000.inpts;basicgeotop:/scratch/s/stgruber/vpo001/gtpem_runs/Caucasus/Aksaut/parameter/soil_rock.inpts;basicgeotop:/scratch/s/stgruber/vpo001/gtpem_runs/Caucasus/Aksaut/parameter/loc/loc_aksaut_2900.inpts
28a5fb7f3fcf40d696c04ab38d603d9d,aksaut_2900,gt_aksaut_2900_merra2_95bb687,geotop,scaled_merra2_Aksaut_3alt,basicgeotop:/scratch/s/stgruber/vpo001/gtpem_runs/Caucasus/Aksaut/parameter/aspect_45.inpts;basicgeotop:/scratch/s/stgruber/vpo001/gtpem_runs/Caucasus/Aksaut/parameter/slope_75.inpts;basicgeotop:/scratch/s/stgruber/vpo001/gtpem_runs/Caucasus/Aksaut/parameter/snow_1.inpts;basicgeotop:/scratch/s/stgruber/vpo001/gtpem_runs/Caucasus/Aksaut/parameter/pointmaxswe_2000.inpts;basicgeotop:/scratch/s/stgruber/vpo001/gtpem_runs/Caucasus/Aksaut/parameter/soil_rock.inpts;basicgeotop:/scratch/s/stgruber/vpo001/gtpem_runs/Caucasus/Aksaut/parameter/loc/loc_aksaut_2900.inpts
72194cd067d44df88f5cdc16b561aefc,aksaut_2900,gt_aksaut_2900_merra2_ec5999c,geotop,scaled_merra2_Aksaut_3alt,basicgeotop:/scratch/s/stgruber/vpo001/gtpem_runs/Caucasus/Aksaut/parameter/aspect_45.inpts;basicgeotop:/scratch/s/stgruber/vpo001/gtpem_runs/Caucasus/Aksaut/parameter/slope_75.inpts;basicgeotop:/scratch/s/stgruber/vpo001/gtpem_runs/Caucasus/Aksaut/parameter/snow_1.2.inpts;basicgeotop:/scratch/s/stgruber/vpo001/gtpem_runs/Caucasus/Aksaut/parameter/pointmaxswe_2000.inpts;basicgeotop:/scratch/s/stgruber/vpo001/gtpem_runs/Caucasus/Aksaut/parameter/soil_rock.inpts;basicgeotop:/scratch/s/stgruber/vpo001/gtpem_runs/Caucasus/Aksaut/parameter/loc/loc_aksaut_2900.inpts
2bc6c88b6ced4e118a12de5a35a55d0e,aksaut_2900,gt_aksaut_2900_merra2_a4679de,geotop,scaled_merra2_Aksaut_3alt,basicgeotop:/scratch/s/stgruber/vpo001/gtpem_runs/Caucasus/Aksaut/parameter/aspect_67.5.inpts;basicgeotop:/scratch/s/stgruber/vpo001/gtpem_runs/Caucasus/Aksaut/parameter/slope_55.inpts;basicgeotop:/scratch/s/stgruber/vpo001/gtpem_runs/Caucasus/Aksaut/parameter/snow_0.8.inpts;basicgeotop:/scratch/s/stgruber/vpo001/gtpem_runs/Caucasus/Aksaut/parameter/pointmaxswe_2000.inpts;basicgeotop:/scratch/s/stgruber/vpo001/gtpem_runs/Caucasus/Aksaut/parameter/soil_rock.inpts;basicgeotop:/scratch/s/stgruber/vpo001/gtpem_runs/Caucasus/Aksaut/parameter/loc/loc_aksaut_2900.inpts
065155e18abc4cb2924d7704ee5a509e,aksaut_2900,gt_aksaut_2900_merra2_86d9f7d,geotop,scaled_merra2_Aksaut_3alt,basicgeotop:/scratch/s/stgruber/vpo001/gtpem_runs/Caucasus/Aksaut/parameter/aspect_67.5.inpts;basicgeotop:/scratch/s/stgruber/vpo001/gtpem_runs/Caucasus/Aksaut/parameter/slope_55.inpts;basicgeotop:/scratch/s/stgruber/vpo001/gtpem_runs/Caucasus/Aksaut/parameter/snow_1.inpts;basicgeotop:/scratch/s/stgruber/vpo001/gtpem_runs/Caucasus/Aksaut/parameter/pointmaxswe_2000.inpts;basicgeotop:/scratch/s/stgruber/vpo001/gtpem_runs/Caucasus/Aksaut/parameter/soil_rock.inpts;basicgeotop:/scratch/s/stgruber/vpo001/gtpem_runs/Caucasus/Aksaut/parameter/loc/loc_aksaut_2900.inpts
b899a31f777d465786370140fbf58951,aksaut_2900,gt_aksaut_2900_merra2_2dc2975,geotop,scaled_merra2_Aksaut_3alt,basicgeotop:/scratch/s/stgruber/vpo001/gtpem_runs/Caucasus/Aksaut/parameter/aspect_67.5.inpts;basicgeotop:/scratch/s/stgruber/vpo001/gtpem_runs/Caucasus/Aksaut/parameter/slope_55.inpts;basicgeotop:/scratch/s/stgruber/vpo001/gtpem_runs/Caucasus/Aksaut/parameter/snow_1.2.inpts;basicgeotop:/scratch/s/stgruber/vpo001/gtpem_runs/Caucasus/Aksaut/parameter/pointmaxswe_2000.inpts;basicgeotop:/scratch/s/stgruber/vpo001/gtpem_runs/Caucasus/Aksaut/parameter/soil_rock.inpts;basicgeotop:/scratch/s/stgruber/vpo001/gtpem_runs/Caucasus/Aksaut/parameter/loc/loc_aksaut_2900.inpts
aa2e5448f37a42dfa04ec375b5f078ab,aksaut_2900,gt_aksaut_2900_merra2_0bf8d3f,geotop,scaled_merra2_Aksaut_3alt,basicgeotop:/scratch/s/stgruber/vpo001/gtpem_runs/Caucasus/Aksaut/parameter/aspect_67.5.inpts;basicgeotop:/scratch/s/stgruber/vpo001/gtpem_runs/Caucasus/Aksaut/parameter/slope_60.inpts;basicgeotop:/scratch/s/stgruber/vpo001/gtpem_runs/Caucasus/Aksaut/parameter/snow_0.8.inpts;basicgeotop:/scratch/s/stgruber/vpo001/gtpem_runs/Caucasus/Aksaut/parameter/pointmaxswe_2000.inpts;basicgeotop:/scratch/s/stgruber/vpo001/gtpem_runs/Caucasus/Aksaut/parameter/soil_rock.inpts;basicgeotop:/scratch/s/stgruber/vpo001/gtpem_runs/Caucasus/Aksaut/parameter/loc/loc_aksaut_2900.inpts
83aa22e4015a443396fb027748d80879,aksaut_2900,gt_aksaut_2900_merra2_59d6901,geotop,scaled_merra2_Aksaut_3alt,basicgeotop:/scratch/s/stgruber/vpo001/gtpem_runs/Caucasus/Aksaut/parameter/aspect_67.5.inpts;basicgeotop:/scratch/s/stgruber/vpo001/gtpem_runs/Caucasus/Aksaut/parameter/slope_60.inpts;basicgeotop:/scratch/s/stgruber/vpo001/gtpem_runs/Caucasus/Aksaut/parameter/snow_1.inpts;basicgeotop:/scratch/s/stgruber/vpo001/gtpem_runs/Caucasus/Aksaut/parameter/pointmaxswe_2000.inpts;basicgeotop:/scratch/s/stgruber/vpo001/gtpem_runs/Caucasus/Aksaut/parameter/soil_rock.inpts;basicgeotop:/scratch/s/stgruber/vpo001/gtpem_runs/Caucasus/Aksaut/parameter/loc/loc_aksaut_2900.inpts
e14db1cd052a4cd09936b6ab9f0b515f,aksaut_2900,gt_aksaut_2900_merra2_adc7bd4,geotop,scaled_merra2_Aksaut_3alt,basicgeotop:/scratch/s/stgruber/vpo001/gtpem_runs/Caucasus/Aksaut/parameter/aspect_67.5.inpts;basicgeotop:/scratch/s/stgruber/vpo001/gtpem_runs/Caucasus/Aksaut/parameter/slope_60.inpts;basicgeotop:/scratch/s/stgruber/vpo001/gtpem_runs/Caucasus/Aksaut/parameter/snow_1.2.inpts;basicgeotop:/scratch/s/stgruber/vpo001/gtpem_runs/Caucasus/Aksaut/parameter/pointmaxswe_2000.inpts;basicgeotop:/scratch/s/stgruber/vpo001/gtpem_runs/Caucasus/Aksaut/parameter/soil_rock.inpts;basicgeotop:/scratch/s/stgruber/vpo001/gtpem_runs/Caucasus/Aksaut/parameter/loc/loc_aksaut_2900.inpts
78885b3e089742f8bd83b0fe561eff0d,aksaut_2900,gt_aksaut_2900_merra2_6fc809a,geotop,scaled_merra2_Aksaut_3alt,basicgeotop:/scratch/s/stgruber/vpo001/gtpem_runs/Caucasus/Aksaut/parameter/aspect_67.5.inpts;basicgeotop:/scratch/s/stgruber/vpo001/gtpem_runs/Caucasus/Aksaut/parameter/slope_65.inpts;basicgeotop:/scratch/s/stgruber/vpo001/gtpem_runs/Caucasus/Aksaut/parameter/snow_0.8.inpts;basicgeotop:/scratch/s/stgruber/vpo001/gtpem_runs/Caucasus/Aksaut/parameter/pointmaxswe_2000.inpts;basicgeotop:/scratch/s/stgruber/vpo001/gtpem_runs/Caucasus/Aksaut/parameter/soil_rock.inpts;basicgeotop:/scratch/s/stgruber/vpo001/gtpem_runs/Caucasus/Aksaut/parameter/loc/loc_aksaut_2900.inpts
846128f2a0f9414f96cfad59272d725d,aksaut_2900,gt_aksaut_2900_merra2_d0e7cdc,geotop,scaled_merra2_Aksaut_3alt,basicgeotop:/scratch/s/stgruber/vpo001/gtpem_runs/Caucasus/Aksaut/parameter/aspect_67.5.inpts;basicgeotop:/scratch/s/stgruber/vpo001/gtpem_runs/Caucasus/Aksaut/parameter/slope_65.inpts;basicgeotop:/scratch/s/stgruber/vpo001/gtpem_runs/Caucasus/Aksaut/parameter/snow_1.inpts;basicgeotop:/scratch/s/stgruber/vpo001/gtpem_runs/Caucasus/Aksaut/parameter/pointmaxswe_2000.inpts;basicgeotop:/scratch/s/stgruber/vpo001/gtpem_runs/Caucasus/Aksaut/parameter/soil_rock.inpts;basicgeotop:/scratch/s/stgruber/vpo001/gtpem_runs/Caucasus/Aksaut/parameter/loc/loc_aksaut_2900.inpts
03fe7987989e4aca98e13e1a1d0b76ce,aksaut_2900,gt_aksaut_2900_merra2_5ead43a,geotop,scaled_merra2_Aksaut_3alt,basicgeotop:/scratch/s/stgruber/vpo001/gtpem_runs/Caucasus/Aksaut/parameter/aspect_67.5.inpts;basicgeotop:/scratch/s/stgruber/vpo001/gtpem_runs/Caucasus/Aksaut/parameter/slope_65.inpts;basicgeotop:/scratch/s/stgruber/vpo001/gtpem_runs/Caucasus/Aksaut/parameter/snow_1.2.inpts;basicgeotop:/scratch/s/stgruber/vpo001/gtpem_runs/Caucasus/Aksaut/parameter/pointmaxswe_2000.inpts;basicgeotop:/scratch/s/stgruber/vpo001/gtpem_runs/Caucasus/Aksaut/parameter/soil_rock.inpts;basicgeotop:/scratch/s/stgruber/vpo001/gtpem_runs/Caucasus/Aksaut/parameter/loc/loc_aksaut_2900.inpts
0306359490314f549beee2783704bb51,aksaut_2900,gt_aksaut_2900_merra2_26b36f2,geotop,scaled_merra2_Aksaut_3alt,basicgeotop:/scratch/s/stgruber/vpo001/gtpem_runs/Caucasus/Aksaut/parameter/aspect_67.5.inpts;basicgeotop:/scratch/s/stgruber/vpo001/gtpem_runs/Caucasus/Aksaut/parameter/slope_70.inpts;basicgeotop:/scratch/s/stgruber/vpo001/gtpem_runs/Caucasus/Aksaut/parameter/snow_0.8.inpts;basicgeotop:/scratch/s/stgruber/vpo001/gtpem_runs/Caucasus/Aksaut/parameter/pointmaxswe_2000.inpts;basicgeotop:/scratch/s/stgruber/vpo001/gtpem_runs/Caucasus/Aksaut/parameter/soil_rock.inpts;basicgeotop:/scratch/s/stgruber/vpo001/gtpem_runs/Caucasus/Aksaut/parameter/loc/loc_aksaut_2900.inpts
45a3cc411a9a4650977583d261e5b23e,aksaut_2900,gt_aksaut_2900_merra2_6ab1ecf,geotop,scaled_merra2_Aksaut_3alt,basicgeotop:/scratch/s/stgruber/vpo001/gtpem_runs/Caucasus/Aksaut/parameter/aspect_67.5.inpts;basicgeotop:/scratch/s/stgruber/vpo001/gtpem_runs/Caucasus/Aksaut/parameter/slope_70.inpts;basicgeotop:/scratch/s/stgruber/vpo001/gtpem_runs/Caucasus/Aksaut/parameter/snow_1.inpts;basicgeotop:/scratch/s/stgruber/vpo001/gtpem_runs/Caucasus/Aksaut/parameter/pointmaxswe_2000.inpts;basicgeotop:/scratch/s/stgruber/vpo001/gtpem_runs/Caucasus/Aksaut/parameter/soil_rock.inpts;basicgeotop:/scratch/s/stgruber/vpo001/gtpem_runs/Caucasus/Aksaut/parameter/loc/loc_aksaut_2900.inpts
754f4492c828485ba249392a805cbc42,aksaut_2900,gt_aksaut_2900_merra2_9ef4587,geotop,scaled_merra2_Aksaut_3alt,basicgeotop:/scratch/s/stgruber/vpo001/gtpem_runs/Caucasus/Aksaut/parameter/aspect_67.5.inpts;basicgeotop:/scratch/s/stgruber/vpo001/gtpem_runs/Caucasus/Aksaut/parameter/slope_70.inpts;basicgeotop:/scratch/s/stgruber/vpo001/gtpem_runs/Caucasus/Aksaut/parameter/snow_1.2.inpts;basicgeotop:/scratch/s/stgruber/vpo001/gtpem_runs/Caucasus/Aksaut/parameter/pointmaxswe_2000.inpts;basicgeotop:/scratch/s/stgruber/vpo001/gtpem_runs/Caucasus/Aksaut/parameter/soil_rock.inpts;basicgeotop:/scratch/s/stgruber/vpo001/gtpem_runs/Caucasus/Aksaut/parameter/loc/loc_aksaut_2900.inpts
1f0cf6065d1a4a39977a73c8922f72b0,aksaut_2900,gt_aksaut_2900_merra2_6feeb8d,geotop,scaled_merra2_Aksaut_3alt,basicgeotop:/scratch/s/stgruber/vpo001/gtpem_runs/Caucasus/Aksaut/parameter/aspect_67.5.inpts;basicgeotop:/scratch/s/stgruber/vpo001/gtpem_runs/Caucasus/Aksaut/parameter/slope_75.inpts;basicgeotop:/scratch/s/stgruber/vpo001/gtpem_runs/Caucasus/Aksaut/parameter/snow_0.8.inpts;basicgeotop:/scratch/s/stgruber/vpo001/gtpem_runs/Caucasus/Aksaut/parameter/pointmaxswe_2000.inpts;basicgeotop:/scratch/s/stgruber/vpo001/gtpem_runs/Caucasus/Aksaut/parameter/soil_rock.inpts;basicgeotop:/scratch/s/stgruber/vpo001/gtpem_runs/Caucasus/Aksaut/parameter/loc/loc_aksaut_2900.inpts
5d4825cdf3464ba0b56c34299099b106,aksaut_2900,gt_aksaut_2900_merra2_0eb188a,geotop,scaled_merra2_Aksaut_3alt,basicgeotop:/scratch/s/stgruber/vpo001/gtpem_runs/Caucasus/Aksaut/parameter/aspect_67.5.inpts;basicgeotop:/scratch/s/stgruber/vpo001/gtpem_runs/Caucasus/Aksaut/parameter/slope_75.inpts;basicgeotop:/scratch/s/stgruber/vpo001/gtpem_runs/Caucasus/Aksaut/parameter/snow_1.inpts;basicgeotop:/scratch/s/stgruber/vpo001/gtpem_runs/Caucasus/Aksaut/parameter/pointmaxswe_2000.inpts;basicgeotop:/scratch/s/stgruber/vpo001/gtpem_runs/Caucasus/Aksaut/parameter/soil_rock.inpts;basicgeotop:/scratch/s/stgruber/vpo001/gtpem_runs/Caucasus/Aksaut/parameter/loc/loc_aksaut_2900.inpts
860bfd1a9910479db5d27b61ff1b673a,aksaut_2900,gt_aksaut_2900_merra2_97fdaee,geotop,scaled_merra2_Aksaut_3alt,basicgeotop:/scratch/s/stgruber/vpo001/gtpem_runs/Caucasus/Aksaut/parameter/aspect_67.5.inpts;basicgeotop:/scratch/s/stgruber/vpo001/gtpem_runs/Caucasus/Aksaut/parameter/slope_75.inpts;basicgeotop:/scratch/s/stgruber/vpo001/gtpem_runs/Caucasus/Aksaut/parameter/snow_1.2.inpts;basicgeotop:/scratch/s/stgruber/vpo001/gtpem_runs/Caucasus/Aksaut/parameter/pointmaxswe_2000.inpts;basicgeotop:/scratch/s/stgruber/vpo001/gtpem_runs/Caucasus/Aksaut/parameter/soil_rock.inpts;basicgeotop:/scratch/s/stgruber/vpo001/gtpem_runs/Caucasus/Aksaut/parameter/loc/loc_aksaut_2900.inpts
40cf3e61c545481c99672461ffcfc39f,aksaut_3100,gt_aksaut_3100_merra2_752dbe7,geotop,scaled_merra2_Aksaut_3alt,basicgeotop:/scratch/s/stgruber/vpo001/gtpem_runs/Caucasus/Aksaut/parameter/aspect_22.5.inpts;basicgeotop:/scratch/s/stgruber/vpo001/gtpem_runs/Caucasus/Aksaut/parameter/slope_55.inpts;basicgeotop:/scratch/s/stgruber/vpo001/gtpem_runs/Caucasus/Aksaut/parameter/snow_0.8.inpts;basicgeotop:/scratch/s/stgruber/vpo001/gtpem_runs/Caucasus/Aksaut/parameter/pointmaxswe_2000.inpts;basicgeotop:/scratch/s/stgruber/vpo001/gtpem_runs/Caucasus/Aksaut/parameter/soil_rock.inpts;basicgeotop:/scratch/s/stgruber/vpo001/gtpem_runs/Caucasus/Aksaut/parameter/loc/loc_aksaut_3100.inpts
7f9d746a4f004333a22dcb68fae2c70b,aksaut_3100,gt_aksaut_3100_merra2_e65994f,geotop,scaled_merra2_Aksaut_3alt,basicgeotop:/scratch/s/stgruber/vpo001/gtpem_runs/Caucasus/Aksaut/parameter/aspect_22.5.inpts;basicgeotop:/scratch/s/stgruber/vpo001/gtpem_runs/Caucasus/Aksaut/parameter/slope_55.inpts;basicgeotop:/scratch/s/stgruber/vpo001/gtpem_runs/Caucasus/Aksaut/parameter/snow_1.inpts;basicgeotop:/scratch/s/stgruber/vpo001/gtpem_runs/Caucasus/Aksaut/parameter/pointmaxswe_2000.inpts;basicgeotop:/scratch/s/stgruber/vpo001/gtpem_runs/Caucasus/Aksaut/parameter/soil_rock.inpts;basicgeotop:/scratch/s/stgruber/vpo001/gtpem_runs/Caucasus/Aksaut/parameter/loc/loc_aksaut_3100.inpts
5c6aa7351bb2482494bba1dcdf56bd34,aksaut_3100,gt_aksaut_3100_merra2_9ca166d,geotop,scaled_merra2_Aksaut_3alt,basicgeotop:/scratch/s/stgruber/vpo001/gtpem_runs/Caucasus/Aksaut/parameter/aspect_22.5.inpts;basicgeotop:/scratch/s/stgruber/vpo001/gtpem_runs/Caucasus/Aksaut/parameter/slope_55.inpts;basicgeotop:/scratch/s/stgruber/vpo001/gtpem_runs/Caucasus/Aksaut/parameter/snow_1.2.inpts;basicgeotop:/scratch/s/stgruber/vpo001/gtpem_runs/Caucasus/Aksaut/parameter/pointmaxswe_2000.inpts;basicgeotop:/scratch/s/stgruber/vpo001/gtpem_runs/Caucasus/Aksaut/parameter/soil_rock.inpts;basicgeotop:/scratch/s/stgruber/vpo001/gtpem_runs/Caucasus/Aksaut/parameter/loc/loc_aksaut_3100.inpts
1819d9b7bef541c3b29a7a810b960948,aksaut_3100,gt_aksaut_3100_merra2_8d8e694,geotop,scaled_merra2_Aksaut_3alt,basicgeotop:/scratch/s/stgruber/vpo001/gtpem_runs/Caucasus/Aksaut/parameter/aspect_22.5.inpts;basicgeotop:/scratch/s/stgruber/vpo001/gtpem_runs/Caucasus/Aksaut/parameter/slope_60.inpts;basicgeotop:/scratch/s/stgruber/vpo001/gtpem_runs/Caucasus/Aksaut/parameter/snow_0.8.inpts;basicgeotop:/scratch/s/stgruber/vpo001/gtpem_runs/Caucasus/Aksaut/parameter/pointmaxswe_2000.inpts;basicgeotop:/scratch/s/stgruber/vpo001/gtpem_runs/Caucasus/Aksaut/parameter/soil_rock.inpts;basicgeotop:/scratch/s/stgruber/vpo001/gtpem_runs/Caucasus/Aksaut/parameter/loc/loc_aksaut_3100.inpts
4bdb1593f44946afb9688162f25160c9,aksaut_3100,gt_aksaut_3100_merra2_9964b54,geotop,scaled_merra2_Aksaut_3alt,basicgeotop:/scratch/s/stgruber/vpo001/gtpem_runs/Caucasus/Aksaut/parameter/aspect_22.5.inpts;basicgeotop:/scratch/s/stgruber/vpo001/gtpem_runs/Caucasus/Aksaut/parameter/slope_60.inpts;basicgeotop:/scratch/s/stgruber/vpo001/gtpem_runs/Caucasus/Aksaut/parameter/snow_1.inpts;basicgeotop:/scratch/s/stgruber/vpo001/gtpem_runs/Caucasus/Aksaut/parameter/pointmaxswe_2000.inpts;basicgeotop:/scratch/s/stgruber/vpo001/gtpem_runs/Caucasus/Aksaut/parameter/soil_rock.inpts;basicgeotop:/scratch/s/stgruber/vpo001/gtpem_runs/Caucasus/Aksaut/parameter/loc/loc_aksaut_3100.inpts
1058792e93a94926bc4ca4253723bab2,aksaut_3100,gt_aksaut_3100_merra2_20720a1,geotop,scaled_merra2_Aksaut_3alt,basicgeotop:/scratch/s/stgruber/vpo001/gtpem_runs/Caucasus/Aksaut/parameter/aspect_22.5.inpts;basicgeotop:/scratch/s/stgruber/vpo001/gtpem_runs/Caucasus/Aksaut/parameter/slope_60.inpts;basicgeotop:/scratch/s/stgruber/vpo001/gtpem_runs/Caucasus/Aksaut/parameter/snow_1.2.inpts;basicgeotop:/scratch/s/stgruber/vpo001/gtpem_runs/Caucasus/Aksaut/parameter/pointmaxswe_2000.inpts;basicgeotop:/scratch/s/stgruber/vpo001/gtpem_runs/Caucasus/Aksaut/parameter/soil_rock.inpts;basicgeotop:/scratch/s/stgruber/vpo001/gtpem_runs/Caucasus/Aksaut/parameter/loc/loc_aksaut_3100.inpts
f0d1b4192cc444f8821b41e7dbfaf12e,aksaut_3100,gt_aksaut_3100_merra2_f4e9196,geotop,scaled_merra2_Aksaut_3alt,basicgeotop:/scratch/s/stgruber/vpo001/gtpem_runs/Caucasus/Aksaut/parameter/aspect_22.5.inpts;basicgeotop:/scratch/s/stgruber/vpo001/gtpem_runs/Caucasus/Aksaut/parameter/slope_65.inpts;basicgeotop:/scratch/s/stgruber/vpo001/gtpem_runs/Caucasus/Aksaut/parameter/snow_0.8.inpts;basicgeotop:/scratch/s/stgruber/vpo001/gtpem_runs/Caucasus/Aksaut/parameter/pointmaxswe_2000.inpts;basicgeotop:/scratch/s/stgruber/vpo001/gtpem_runs/Caucasus/Aksaut/parameter/soil_rock.inpts;basicgeotop:/scratch/s/stgruber/vpo001/gtpem_runs/Caucasus/Aksaut/parameter/loc/loc_aksaut_3100.inpts
f01752619b9549918e74889cb352e291,aksaut_3100,gt_aksaut_3100_merra2_f90cf50,geotop,scaled_merra2_Aksaut_3alt,basicgeotop:/scratch/s/stgruber/vpo001/gtpem_runs/Caucasus/Aksaut/parameter/aspect_22.5.inpts;basicgeotop:/scratch/s/stgruber/vpo001/gtpem_runs/Caucasus/Aksaut/parameter/slope_65.inpts;basicgeotop:/scratch/s/stgruber/vpo001/gtpem_runs/Caucasus/Aksaut/parameter/snow_1.inpts;basicgeotop:/scratch/s/stgruber/vpo001/gtpem_runs/Caucasus/Aksaut/parameter/pointmaxswe_2000.inpts;basicgeotop:/scratch/s/stgruber/vpo001/gtpem_runs/Caucasus/Aksaut/parameter/soil_rock.inpts;basicgeotop:/scratch/s/stgruber/vpo001/gtpem_runs/Caucasus/Aksaut/parameter/loc/loc_aksaut_3100.inpts
16827ff8f86b4869b605d8e383cb9a3d,aksaut_3100,gt_aksaut_3100_merra2_0832542,geotop,scaled_merra2_Aksaut_3alt,basicgeotop:/scratch/s/stgruber/vpo001/gtpem_runs/Caucasus/Aksaut/parameter/aspect_22.5.inpts;basicgeotop:/scratch/s/stgruber/vpo001/gtpem_runs/Caucasus/Aksaut/parameter/slope_65.inpts;basicgeotop:/scratch/s/stgruber/vpo001/gtpem_runs/Caucasus/Aksaut/parameter/snow_1.2.inpts;basicgeotop:/scratch/s/stgruber/vpo001/gtpem_runs/Caucasus/Aksaut/parameter/pointmaxswe_2000.inpts;basicgeotop:/scratch/s/stgruber/vpo001/gtpem_runs/Caucasus/Aksaut/parameter/soil_rock.inpts;basicgeotop:/scratch/s/stgruber/vpo001/gtpem_runs/Caucasus/Aksaut/parameter/loc/loc_aksaut_3100.inpts
2e467ba09be5403a94cc4beedb72931a,aksaut_3100,gt_aksaut_3100_merra2_4a34baf,geotop,scaled_merra2_Aksaut_3alt,basicgeotop:/scratch/s/stgruber/vpo001/gtpem_runs/Caucasus/Aksaut/parameter/aspect_22.5.inpts;basicgeotop:/scratch/s/stgruber/vpo001/gtpem_runs/Caucasus/Aksaut/parameter/slope_70.inpts;basicgeotop:/scratch/s/stgruber/vpo001/gtpem_runs/Caucasus/Aksaut/parameter/snow_0.8.inpts;basicgeotop:/scratch/s/stgruber/vpo001/gtpem_runs/Caucasus/Aksaut/parameter/pointmaxswe_2000.inpts;basicgeotop:/scratch/s/stgruber/vpo001/gtpem_runs/Caucasus/Aksaut/parameter/soil_rock.inpts;basicgeotop:/scratch/s/stgruber/vpo001/gtpem_runs/Caucasus/Aksaut/parameter/loc/loc_aksaut_3100.inpts
2b7bbd6009a84b2d97983abfb6ea7742,aksaut_3100,gt_aksaut_3100_merra2_ffbc4d2,geotop,scaled_merra2_Aksaut_3alt,basicgeotop:/scratch/s/stgruber/vpo001/gtpem_runs/Caucasus/Aksaut/parameter/aspect_22.5.inpts;basicgeotop:/scratch/s/stgruber/vpo001/gtpem_runs/Caucasus/Aksaut/parameter/slope_70.inpts;basicgeotop:/scratch/s/stgruber/vpo001/gtpem_runs/Caucasus/Aksaut/parameter/snow_1.inpts;basicgeotop:/scratch/s/stgruber/vpo001/gtpem_runs/Caucasus/Aksaut/parameter/pointmaxswe_2000.inpts;basicgeotop:/scratch/s/stgruber/vpo001/gtpem_runs/Caucasus/Aksaut/parameter/soil_rock.inpts;basicgeotop:/scratch/s/stgruber/vpo001/gtpem_runs/Caucasus/Aksaut/parameter/loc/loc_aksaut_3100.inpts
2090401fa5d542bf921a54e66a10d39f,aksaut_3100,gt_aksaut_3100_merra2_e2a30c9,geotop,scaled_merra2_Aksaut_3alt,basicgeotop:/scratch/s/stgruber/vpo001/gtpem_runs/Caucasus/Aksaut/parameter/aspect_22.5.inpts;basicgeotop:/scratch/s/stgruber/vpo001/gtpem_runs/Caucasus/Aksaut/parameter/slope_70.inpts;basicgeotop:/scratch/s/stgruber/vpo001/gtpem_runs/Caucasus/Aksaut/parameter/snow_1.2.inpts;basicgeotop:/scratch/s/stgruber/vpo001/gtpem_runs/Caucasus/Aksaut/parameter/pointmaxswe_2000.inpts;basicgeotop:/scratch/s/stgruber/vpo001/gtpem_runs/Caucasus/Aksaut/parameter/soil_rock.inpts;basicgeotop:/scratch/s/stgruber/vpo001/gtpem_runs/Caucasus/Aksaut/parameter/loc/loc_aksaut_3100.inpts
25df98a932354446a6c8d4ba25ed0fd1,aksaut_3100,gt_aksaut_3100_merra2_7ededa9,geotop,scaled_merra2_Aksaut_3alt,basicgeotop:/scratch/s/stgruber/vpo001/gtpem_runs/Caucasus/Aksaut/parameter/aspect_22.5.inpts;basicgeotop:/scratch/s/stgruber/vpo001/gtpem_runs/Caucasus/Aksaut/parameter/slope_75.inpts;basicgeotop:/scratch/s/stgruber/vpo001/gtpem_runs/Caucasus/Aksaut/parameter/snow_0.8.inpts;basicgeotop:/scratch/s/stgruber/vpo001/gtpem_runs/Caucasus/Aksaut/parameter/pointmaxswe_2000.inpts;basicgeotop:/scratch/s/stgruber/vpo001/gtpem_runs/Caucasus/Aksaut/parameter/soil_rock.inpts;basicgeotop:/scratch/s/stgruber/vpo001/gtpem_runs/Caucasus/Aksaut/parameter/loc/loc_aksaut_3100.inpts
eda8d16f8f32469393cc14244ac33e97,aksaut_3100,gt_aksaut_3100_merra2_870a19c,geotop,scaled_merra2_Aksaut_3alt,basicgeotop:/scratch/s/stgruber/vpo001/gtpem_runs/Caucasus/Aksaut/parameter/aspect_22.5.inpts;basicgeotop:/scratch/s/stgruber/vpo001/gtpem_runs/Caucasus/Aksaut/parameter/slope_75.inpts;basicgeotop:/scratch/s/stgruber/vpo001/gtpem_runs/Caucasus/Aksaut/parameter/snow_1.inpts;basicgeotop:/scratch/s/stgruber/vpo001/gtpem_runs/Caucasus/Aksaut/parameter/pointmaxswe_2000.inpts;basicgeotop:/scratch/s/stgruber/vpo001/gtpem_runs/Caucasus/Aksaut/parameter/soil_rock.inpts;basicgeotop:/scratch/s/stgruber/vpo001/gtpem_runs/Caucasus/Aksaut/parameter/loc/loc_aksaut_3100.inpts
fbd88a1d737b4b0abcdb2cc48028b729,aksaut_3100,gt_aksaut_3100_merra2_235f33a,geotop,scaled_merra2_Aksaut_3alt,basicgeotop:/scratch/s/stgruber/vpo001/gtpem_runs/Caucasus/Aksaut/parameter/aspect_22.5.inpts;basicgeotop:/scratch/s/stgruber/vpo001/gtpem_runs/Caucasus/Aksaut/parameter/slope_75.inpts;basicgeotop:/scratch/s/stgruber/vpo001/gtpem_runs/Caucasus/Aksaut/parameter/snow_1.2.inpts;basicgeotop:/scratch/s/stgruber/vpo001/gtpem_runs/Caucasus/Aksaut/parameter/pointmaxswe_2000.inpts;basicgeotop:/scratch/s/stgruber/vpo001/gtpem_runs/Caucasus/Aksaut/parameter/soil_rock.inpts;basicgeotop:/scratch/s/stgruber/vpo001/gtpem_runs/Caucasus/Aksaut/parameter/loc/loc_aksaut_3100.inpts
df3d2035e46d4f99a0f75ff735f3ed9c,aksaut_3100,gt_aksaut_3100_merra2_3ee060a,geotop,scaled_merra2_Aksaut_3alt,basicgeotop:/scratch/s/stgruber/vpo001/gtpem_runs/Caucasus/Aksaut/parameter/aspect_45.inpts;basicgeotop:/scratch/s/stgruber/vpo001/gtpem_runs/Caucasus/Aksaut/parameter/slope_55.inpts;basicgeotop:/scratch/s/stgruber/vpo001/gtpem_runs/Caucasus/Aksaut/parameter/snow_0.8.inpts;basicgeotop:/scratch/s/stgruber/vpo001/gtpem_runs/Caucasus/Aksaut/parameter/pointmaxswe_2000.inpts;basicgeotop:/scratch/s/stgruber/vpo001/gtpem_runs/Caucasus/Aksaut/parameter/soil_rock.inpts;basicgeotop:/scratch/s/stgruber/vpo001/gtpem_runs/Caucasus/Aksaut/parameter/loc/loc_aksaut_3100.inpts
57781d54e68749deb43e36a976921666,aksaut_3100,gt_aksaut_3100_merra2_32eb88c,geotop,scaled_merra2_Aksaut_3alt,basicgeotop:/scratch/s/stgruber/vpo001/gtpem_runs/Caucasus/Aksaut/parameter/aspect_45.inpts;basicgeotop:/scratch/s/stgruber/vpo001/gtpem_runs/Caucasus/Aksaut/parameter/slope_55.inpts;basicgeotop:/scratch/s/stgruber/vpo001/gtpem_runs/Caucasus/Aksaut/parameter/snow_1.inpts;basicgeotop:/scratch/s/stgruber/vpo001/gtpem_runs/Caucasus/Aksaut/parameter/pointmaxswe_2000.inpts;basicgeotop:/scratch/s/stgruber/vpo001/gtpem_runs/Caucasus/Aksaut/parameter/soil_rock.inpts;basicgeotop:/scratch/s/stgruber/vpo001/gtpem_runs/Caucasus/Aksaut/parameter/loc/loc_aksaut_3100.inpts
633b26367eeb4f0eaf31c87f12354603,aksaut_3100,gt_aksaut_3100_merra2_c150a09,geotop,scaled_merra2_Aksaut_3alt,basicgeotop:/scratch/s/stgruber/vpo001/gtpem_runs/Caucasus/Aksaut/parameter/aspect_45.inpts;basicgeotop:/scratch/s/stgruber/vpo001/gtpem_runs/Caucasus/Aksaut/parameter/slope_55.inpts;basicgeotop:/scratch/s/stgruber/vpo001/gtpem_runs/Caucasus/Aksaut/parameter/snow_1.2.inpts;basicgeotop:/scratch/s/stgruber/vpo001/gtpem_runs/Caucasus/Aksaut/parameter/pointmaxswe_2000.inpts;basicgeotop:/scratch/s/stgruber/vpo001/gtpem_runs/Caucasus/Aksaut/parameter/soil_rock.inpts;basicgeotop:/scratch/s/stgruber/vpo001/gtpem_runs/Caucasus/Aksaut/parameter/loc/loc_aksaut_3100.inpts
16cb07d859ae45e7b414b0c7689789fc,aksaut_3100,gt_aksaut_3100_merra2_ce7d034,geotop,scaled_merra2_Aksaut_3alt,basicgeotop:/scratch/s/stgruber/vpo001/gtpem_runs/Caucasus/Aksaut/parameter/aspect_45.inpts;basicgeotop:/scratch/s/stgruber/vpo001/gtpem_runs/Caucasus/Aksaut/parameter/slope_60.inpts;basicgeotop:/scratch/s/stgruber/vpo001/gtpem_runs/Caucasus/Aksaut/parameter/snow_0.8.inpts;basicgeotop:/scratch/s/stgruber/vpo001/gtpem_runs/Caucasus/Aksaut/parameter/pointmaxswe_2000.inpts;basicgeotop:/scratch/s/stgruber/vpo001/gtpem_runs/Caucasus/Aksaut/parameter/soil_rock.inpts;basicgeotop:/scratch/s/stgruber/vpo001/gtpem_runs/Caucasus/Aksaut/parameter/loc/loc_aksaut_3100.inpts
645fab534fb2460195e7678aca0166cc,aksaut_3100,gt_aksaut_3100_merra2_c7eceaa,geotop,scaled_merra2_Aksaut_3alt,basicgeotop:/scratch/s/stgruber/vpo001/gtpem_runs/Caucasus/Aksaut/parameter/aspect_45.inpts;basicgeotop:/scratch/s/stgruber/vpo001/gtpem_runs/Caucasus/Aksaut/parameter/slope_60.inpts;basicgeotop:/scratch/s/stgruber/vpo001/gtpem_runs/Caucasus/Aksaut/parameter/snow_1.inpts;basicgeotop:/scratch/s/stgruber/vpo001/gtpem_runs/Caucasus/Aksaut/parameter/pointmaxswe_2000.inpts;basicgeotop:/scratch/s/stgruber/vpo001/gtpem_runs/Caucasus/Aksaut/parameter/soil_rock.inpts;basicgeotop:/scratch/s/stgruber/vpo001/gtpem_runs/Caucasus/Aksaut/parameter/loc/loc_aksaut_3100.inpts
dbcc9a3d52e049799fdd9a6a0665f3c6,aksaut_3100,gt_aksaut_3100_merra2_ae44b42,geotop,scaled_merra2_Aksaut_3alt,basicgeotop:/scratch/s/stgruber/vpo001/gtpem_runs/Caucasus/Aksaut/parameter/aspect_45.inpts;basicgeotop:/scratch/s/stgruber/vpo001/gtpem_runs/Caucasus/Aksaut/parameter/slope_60.inpts;basicgeotop:/scratch/s/stgruber/vpo001/gtpem_runs/Caucasus/Aksaut/parameter/snow_1.2.inpts;basicgeotop:/scratch/s/stgruber/vpo001/gtpem_runs/Caucasus/Aksaut/parameter/pointmaxswe_2000.inpts;basicgeotop:/scratch/s/stgruber/vpo001/gtpem_runs/Caucasus/Aksaut/parameter/soil_rock.inpts;basicgeotop:/scratch/s/stgruber/vpo001/gtpem_runs/Caucasus/Aksaut/parameter/loc/loc_aksaut_3100.inpts
b21b236485e74043a9221a23ad23025b,aksaut_3100,gt_aksaut_3100_merra2_939f86f,geotop,scaled_merra2_Aksaut_3alt,basicgeotop:/scratch/s/stgruber/vpo001/gtpem_runs/Caucasus/Aksaut/parameter/aspect_45.inpts;basicgeotop:/scratch/s/stgruber/vpo001/gtpem_runs/Caucasus/Aksaut/parameter/slope_65.inpts;basicgeotop:/scratch/s/stgruber/vpo001/gtpem_runs/Caucasus/Aksaut/parameter/snow_0.8.inpts;basicgeotop:/scratch/s/stgruber/vpo001/gtpem_runs/Caucasus/Aksaut/parameter/pointmaxswe_2000.inpts;basicgeotop:/scratch/s/stgruber/vpo001/gtpem_runs/Caucasus/Aksaut/parameter/soil_rock.inpts;basicgeotop:/scratch/s/stgruber/vpo001/gtpem_runs/Caucasus/Aksaut/parameter/loc/loc_aksaut_3100.inpts
af34dc5ded8c4783b5e39caa12022651,aksaut_3100,gt_aksaut_3100_merra2_643d2e1,geotop,scaled_merra2_Aksaut_3alt,basicgeotop:/scratch/s/stgruber/vpo001/gtpem_runs/Caucasus/Aksaut/parameter/aspect_45.inpts;basicgeotop:/scratch/s/stgruber/vpo001/gtpem_runs/Caucasus/Aksaut/parameter/slope_65.inpts;basicgeotop:/scratch/s/stgruber/vpo001/gtpem_runs/Caucasus/Aksaut/parameter/snow_1.inpts;basicgeotop:/scratch/s/stgruber/vpo001/gtpem_runs/Caucasus/Aksaut/parameter/pointmaxswe_2000.inpts;basicgeotop:/scratch/s/stgruber/vpo001/gtpem_runs/Caucasus/Aksaut/parameter/soil_rock.inpts;basicgeotop:/scratch/s/stgruber/vpo001/gtpem_runs/Caucasus/Aksaut/parameter/loc/loc_aksaut_3100.inpts
e0d6b28ceb5c4814b98c1803360e7e3f,aksaut_3100,gt_aksaut_3100_merra2_3ff79c4,geotop,scaled_merra2_Aksaut_3alt,basicgeotop:/scratch/s/stgruber/vpo001/gtpem_runs/Caucasus/Aksaut/parameter/aspect_45.inpts;basicgeotop:/scratch/s/stgruber/vpo001/gtpem_runs/Caucasus/Aksaut/parameter/slope_65.inpts;basicgeotop:/scratch/s/stgruber/vpo001/gtpem_runs/Caucasus/Aksaut/parameter/snow_1.2.inpts;basicgeotop:/scratch/s/stgruber/vpo001/gtpem_runs/Caucasus/Aksaut/parameter/pointmaxswe_2000.inpts;basicgeotop:/scratch/s/stgruber/vpo001/gtpem_runs/Caucasus/Aksaut/parameter/soil_rock.inpts;basicgeotop:/scratch/s/stgruber/vpo001/gtpem_runs/Caucasus/Aksaut/parameter/loc/loc_aksaut_3100.inpts
2c8af8f2dafb4f149c7daeee4e7f7e10,aksaut_3100,gt_aksaut_3100_merra2_08349ea,geotop,scaled_merra2_Aksaut_3alt,basicgeotop:/scratch/s/stgruber/vpo001/gtpem_runs/Caucasus/Aksaut/parameter/aspect_45.inpts;basicgeotop:/scratch/s/stgruber/vpo001/gtpem_runs/Caucasus/Aksaut/parameter/slope_70.inpts;basicgeotop:/scratch/s/stgruber/vpo001/gtpem_runs/Caucasus/Aksaut/parameter/snow_0.8.inpts;basicgeotop:/scratch/s/stgruber/vpo001/gtpem_runs/Caucasus/Aksaut/parameter/pointmaxswe_2000.inpts;basicgeotop:/scratch/s/stgruber/vpo001/gtpem_runs/Caucasus/Aksaut/parameter/soil_rock.inpts;basicgeotop:/scratch/s/stgruber/vpo001/gtpem_runs/Caucasus/Aksaut/parameter/loc/loc_aksaut_3100.inpts
6899d1c91de94c51978b5b71f6a476c1,aksaut_3100,gt_aksaut_3100_merra2_b6b8129,geotop,scaled_merra2_Aksaut_3alt,basicgeotop:/scratch/s/stgruber/vpo001/gtpem_runs/Caucasus/Aksaut/parameter/aspect_45.inpts;basicgeotop:/scratch/s/stgruber/vpo001/gtpem_runs/Caucasus/Aksaut/parameter/slope_70.inpts;basicgeotop:/scratch/s/stgruber/vpo001/gtpem_runs/Caucasus/Aksaut/parameter/snow_1.inpts;basicgeotop:/scratch/s/stgruber/vpo001/gtpem_runs/Caucasus/Aksaut/parameter/pointmaxswe_2000.inpts;basicgeotop:/scratch/s/stgruber/vpo001/gtpem_runs/Caucasus/Aksaut/parameter/soil_rock.inpts;basicgeotop:/scratch/s/stgruber/vpo001/gtpem_runs/Caucasus/Aksaut/parameter/loc/loc_aksaut_3100.inpts
15e1a979fdc044bd80df29a2c9cff31c,aksaut_3100,gt_aksaut_3100_merra2_c60a678,geotop,scaled_merra2_Aksaut_3alt,basicgeotop:/scratch/s/stgruber/vpo001/gtpem_runs/Caucasus/Aksaut/parameter/aspect_45.inpts;basicgeotop:/scratch/s/stgruber/vpo001/gtpem_runs/Caucasus/Aksaut/parameter/slope_70.inpts;basicgeotop:/scratch/s/stgruber/vpo001/gtpem_runs/Caucasus/Aksaut/parameter/snow_1.2.inpts;basicgeotop:/scratch/s/stgruber/vpo001/gtpem_runs/Caucasus/Aksaut/parameter/pointmaxswe_2000.inpts;basicgeotop:/scratch/s/stgruber/vpo001/gtpem_runs/Caucasus/Aksaut/parameter/soil_rock.inpts;basicgeotop:/scratch/s/stgruber/vpo001/gtpem_runs/Caucasus/Aksaut/parameter/loc/loc_aksaut_3100.inpts
35cac110868145789735ef33d4a1d823,aksaut_3100,gt_aksaut_3100_merra2_9284304,geotop,scaled_merra2_Aksaut_3alt,basicgeotop:/scratch/s/stgruber/vpo001/gtpem_runs/Caucasus/Aksaut/parameter/aspect_45.inpts;basicgeotop:/scratch/s/stgruber/vpo001/gtpem_runs/Caucasus/Aksaut/parameter/slope_75.inpts;basicgeotop:/scratch/s/stgruber/vpo001/gtpem_runs/Caucasus/Aksaut/parameter/snow_0.8.inpts;basicgeotop:/scratch/s/stgruber/vpo001/gtpem_runs/Caucasus/Aksaut/parameter/pointmaxswe_2000.inpts;basicgeotop:/scratch/s/stgruber/vpo001/gtpem_runs/Caucasus/Aksaut/parameter/soil_rock.inpts;basicgeotop:/scratch/s/stgruber/vpo001/gtpem_runs/Caucasus/Aksaut/parameter/loc/loc_aksaut_3100.inpts
62eb61e554c74f4eb6b20f6c6d461a93,aksaut_3100,gt_aksaut_3100_merra2_ed75c3c,geotop,scaled_merra2_Aksaut_3alt,basicgeotop:/scratch/s/stgruber/vpo001/gtpem_runs/Caucasus/Aksaut/parameter/aspect_45.inpts;basicgeotop:/scratch/s/stgruber/vpo001/gtpem_runs/Caucasus/Aksaut/parameter/slope_75.inpts;basicgeotop:/scratch/s/stgruber/vpo001/gtpem_runs/Caucasus/Aksaut/parameter/snow_1.inpts;basicgeotop:/scratch/s/stgruber/vpo001/gtpem_runs/Caucasus/Aksaut/parameter/pointmaxswe_2000.inpts;basicgeotop:/scratch/s/stgruber/vpo001/gtpem_runs/Caucasus/Aksaut/parameter/soil_rock.inpts;basicgeotop:/scratch/s/stgruber/vpo001/gtpem_runs/Caucasus/Aksaut/parameter/loc/loc_aksaut_3100.inpts
badd27f37f704737a27d18cabe028369,aksaut_3100,gt_aksaut_3100_merra2_bb089cd,geotop,scaled_merra2_Aksaut_3alt,basicgeotop:/scratch/s/stgruber/vpo001/gtpem_runs/Caucasus/Aksaut/parameter/aspect_45.inpts;basicgeotop:/scratch/s/stgruber/vpo001/gtpem_runs/Caucasus/Aksaut/parameter/slope_75.inpts;basicgeotop:/scratch/s/stgruber/vpo001/gtpem_runs/Caucasus/Aksaut/parameter/snow_1.2.inpts;basicgeotop:/scratch/s/stgruber/vpo001/gtpem_runs/Caucasus/Aksaut/parameter/pointmaxswe_2000.inpts;basicgeotop:/scratch/s/stgruber/vpo001/gtpem_runs/Caucasus/Aksaut/parameter/soil_rock.inpts;basicgeotop:/scratch/s/stgruber/vpo001/gtpem_runs/Caucasus/Aksaut/parameter/loc/loc_aksaut_3100.inpts
485e9b9d6b90498f82b85b2066c2f2ee,aksaut_3100,gt_aksaut_3100_merra2_a824b31,geotop,scaled_merra2_Aksaut_3alt,basicgeotop:/scratch/s/stgruber/vpo001/gtpem_runs/Caucasus/Aksaut/parameter/aspect_67.5.inpts;basicgeotop:/scratch/s/stgruber/vpo001/gtpem_runs/Caucasus/Aksaut/parameter/slope_55.inpts;basicgeotop:/scratch/s/stgruber/vpo001/gtpem_runs/Caucasus/Aksaut/parameter/snow_0.8.inpts;basicgeotop:/scratch/s/stgruber/vpo001/gtpem_runs/Caucasus/Aksaut/parameter/pointmaxswe_2000.inpts;basicgeotop:/scratch/s/stgruber/vpo001/gtpem_runs/Caucasus/Aksaut/parameter/soil_rock.inpts;basicgeotop:/scratch/s/stgruber/vpo001/gtpem_runs/Caucasus/Aksaut/parameter/loc/loc_aksaut_3100.inpts
d3089aab26a04a83859a9a1ab4045dd2,aksaut_3100,gt_aksaut_3100_merra2_e08d31d,geotop,scaled_merra2_Aksaut_3alt,basicgeotop:/scratch/s/stgruber/vpo001/gtpem_runs/Caucasus/Aksaut/parameter/aspect_67.5.inpts;basicgeotop:/scratch/s/stgruber/vpo001/gtpem_runs/Caucasus/Aksaut/parameter/slope_55.inpts;basicgeotop:/scratch/s/stgruber/vpo001/gtpem_runs/Caucasus/Aksaut/parameter/snow_1.inpts;basicgeotop:/scratch/s/stgruber/vpo001/gtpem_runs/Caucasus/Aksaut/parameter/pointmaxswe_2000.inpts;basicgeotop:/scratch/s/stgruber/vpo001/gtpem_runs/Caucasus/Aksaut/parameter/soil_rock.inpts;basicgeotop:/scratch/s/stgruber/vpo001/gtpem_runs/Caucasus/Aksaut/parameter/loc/loc_aksaut_3100.inpts
59f204a612f44a279110800698dd34de,aksaut_3100,gt_aksaut_3100_merra2_e83bc7c,geotop,scaled_merra2_Aksaut_3alt,basicgeotop:/scratch/s/stgruber/vpo001/gtpem_runs/Caucasus/Aksaut/parameter/aspect_67.5.inpts;basicgeotop:/scratch/s/stgruber/vpo001/gtpem_runs/Caucasus/Aksaut/parameter/slope_55.inpts;basicgeotop:/scratch/s/stgruber/vpo001/gtpem_runs/Caucasus/Aksaut/parameter/snow_1.2.inpts;basicgeotop:/scratch/s/stgruber/vpo001/gtpem_runs/Caucasus/Aksaut/parameter/pointmaxswe_2000.inpts;basicgeotop:/scratch/s/stgruber/vpo001/gtpem_runs/Caucasus/Aksaut/parameter/soil_rock.inpts;basicgeotop:/scratch/s/stgruber/vpo001/gtpem_runs/Caucasus/Aksaut/parameter/loc/loc_aksaut_3100.inpts
849a20868ea8461394115452eb186f93,aksaut_3100,gt_aksaut_3100_merra2_b2393c4,geotop,scaled_merra2_Aksaut_3alt,basicgeotop:/scratch/s/stgruber/vpo001/gtpem_runs/Caucasus/Aksaut/parameter/aspect_67.5.inpts;basicgeotop:/scratch/s/stgruber/vpo001/gtpem_runs/Caucasus/Aksaut/parameter/slope_60.inpts;basicgeotop:/scratch/s/stgruber/vpo001/gtpem_runs/Caucasus/Aksaut/parameter/snow_0.8.inpts;basicgeotop:/scratch/s/stgruber/vpo001/gtpem_runs/Caucasus/Aksaut/parameter/pointmaxswe_2000.inpts;basicgeotop:/scratch/s/stgruber/vpo001/gtpem_runs/Caucasus/Aksaut/parameter/soil_rock.inpts;basicgeotop:/scratch/s/stgruber/vpo001/gtpem_runs/Caucasus/Aksaut/parameter/loc/loc_aksaut_3100.inpts
df3e452e49664aef8730fd812b3c8695,aksaut_3100,gt_aksaut_3100_merra2_63e15bf,geotop,scaled_merra2_Aksaut_3alt,basicgeotop:/scratch/s/stgruber/vpo001/gtpem_runs/Caucasus/Aksaut/parameter/aspect_67.5.inpts;basicgeotop:/scratch/s/stgruber/vpo001/gtpem_runs/Caucasus/Aksaut/parameter/slope_60.inpts;basicgeotop:/scratch/s/stgruber/vpo001/gtpem_runs/Caucasus/Aksaut/parameter/snow_1.inpts;basicgeotop:/scratch/s/stgruber/vpo001/gtpem_runs/Caucasus/Aksaut/parameter/pointmaxswe_2000.inpts;basicgeotop:/scratch/s/stgruber/vpo001/gtpem_runs/Caucasus/Aksaut/parameter/soil_rock.inpts;basicgeotop:/scratch/s/stgruber/vpo001/gtpem_runs/Caucasus/Aksaut/parameter/loc/loc_aksaut_3100.inpts
98110f90db564713a2c33c840bcb72ec,aksaut_3100,gt_aksaut_3100_merra2_c70e17d,geotop,scaled_merra2_Aksaut_3alt,basicgeotop:/scratch/s/stgruber/vpo001/gtpem_runs/Caucasus/Aksaut/parameter/aspect_67.5.inpts;basicgeotop:/scratch/s/stgruber/vpo001/gtpem_runs/Caucasus/Aksaut/parameter/slope_60.inpts;basicgeotop:/scratch/s/stgruber/vpo001/gtpem_runs/Caucasus/Aksaut/parameter/snow_1.2.inpts;basicgeotop:/scratch/s/stgruber/vpo001/gtpem_runs/Caucasus/Aksaut/parameter/pointmaxswe_2000.inpts;basicgeotop:/scratch/s/stgruber/vpo001/gtpem_runs/Caucasus/Aksaut/parameter/soil_rock.inpts;basicgeotop:/scratch/s/stgruber/vpo001/gtpem_runs/Caucasus/Aksaut/parameter/loc/loc_aksaut_3100.inpts
9a84db6c2a444a25be5d08c428841601,aksaut_3100,gt_aksaut_3100_merra2_375ea98,geotop,scaled_merra2_Aksaut_3alt,basicgeotop:/scratch/s/stgruber/vpo001/gtpem_runs/Caucasus/Aksaut/parameter/aspect_67.5.inpts;basicgeotop:/scratch/s/stgruber/vpo001/gtpem_runs/Caucasus/Aksaut/parameter/slope_65.inpts;basicgeotop:/scratch/s/stgruber/vpo001/gtpem_runs/Caucasus/Aksaut/parameter/snow_0.8.inpts;basicgeotop:/scratch/s/stgruber/vpo001/gtpem_runs/Caucasus/Aksaut/parameter/pointmaxswe_2000.inpts;basicgeotop:/scratch/s/stgruber/vpo001/gtpem_runs/Caucasus/Aksaut/parameter/soil_rock.inpts;basicgeotop:/scratch/s/stgruber/vpo001/gtpem_runs/Caucasus/Aksaut/parameter/loc/loc_aksaut_3100.inpts
afafcc5bfaa44137acc3ff984c980976,aksaut_3100,gt_aksaut_3100_merra2_d912d9e,geotop,scaled_merra2_Aksaut_3alt,basicgeotop:/scratch/s/stgruber/vpo001/gtpem_runs/Caucasus/Aksaut/parameter/aspect_67.5.inpts;basicgeotop:/scratch/s/stgruber/vpo001/gtpem_runs/Caucasus/Aksaut/parameter/slope_65.inpts;basicgeotop:/scratch/s/stgruber/vpo001/gtpem_runs/Caucasus/Aksaut/parameter/snow_1.inpts;basicgeotop:/scratch/s/stgruber/vpo001/gtpem_runs/Caucasus/Aksaut/parameter/pointmaxswe_2000.inpts;basicgeotop:/scratch/s/stgruber/vpo001/gtpem_runs/Caucasus/Aksaut/parameter/soil_rock.inpts;basicgeotop:/scratch/s/stgruber/vpo001/gtpem_runs/Caucasus/Aksaut/parameter/loc/loc_aksaut_3100.inpts
7fc078e84aba486a9fd0e05c4cc7f92d,aksaut_3100,gt_aksaut_3100_merra2_7345574,geotop,scaled_merra2_Aksaut_3alt,basicgeotop:/scratch/s/stgruber/vpo001/gtpem_runs/Caucasus/Aksaut/parameter/aspect_67.5.inpts;basicgeotop:/scratch/s/stgruber/vpo001/gtpem_runs/Caucasus/Aksaut/parameter/slope_65.inpts;basicgeotop:/scratch/s/stgruber/vpo001/gtpem_runs/Caucasus/Aksaut/parameter/snow_1.2.inpts;basicgeotop:/scratch/s/stgruber/vpo001/gtpem_runs/Caucasus/Aksaut/parameter/pointmaxswe_2000.inpts;basicgeotop:/scratch/s/stgruber/vpo001/gtpem_runs/Caucasus/Aksaut/parameter/soil_rock.inpts;basicgeotop:/scratch/s/stgruber/vpo001/gtpem_runs/Caucasus/Aksaut/parameter/loc/loc_aksaut_3100.inpts
ddc131ef188b4687a3c62ba624b36f41,aksaut_3100,gt_aksaut_3100_merra2_0b791b1,geotop,scaled_merra2_Aksaut_3alt,basicgeotop:/scratch/s/stgruber/vpo001/gtpem_runs/Caucasus/Aksaut/parameter/aspect_67.5.inpts;basicgeotop:/scratch/s/stgruber/vpo001/gtpem_runs/Caucasus/Aksaut/parameter/slope_70.inpts;basicgeotop:/scratch/s/stgruber/vpo001/gtpem_runs/Caucasus/Aksaut/parameter/snow_0.8.inpts;basicgeotop:/scratch/s/stgruber/vpo001/gtpem_runs/Caucasus/Aksaut/parameter/pointmaxswe_2000.inpts;basicgeotop:/scratch/s/stgruber/vpo001/gtpem_runs/Caucasus/Aksaut/parameter/soil_rock.inpts;basicgeotop:/scratch/s/stgruber/vpo001/gtpem_runs/Caucasus/Aksaut/parameter/loc/loc_aksaut_3100.inpts
ab529b20f80244bd85f861ff07e5e679,aksaut_3100,gt_aksaut_3100_merra2_36e0039,geotop,scaled_merra2_Aksaut_3alt,basicgeotop:/scratch/s/stgruber/vpo001/gtpem_runs/Caucasus/Aksaut/parameter/aspect_67.5.inpts;basicgeotop:/scratch/s/stgruber/vpo001/gtpem_runs/Caucasus/Aksaut/parameter/slope_70.inpts;basicgeotop:/scratch/s/stgruber/vpo001/gtpem_runs/Caucasus/Aksaut/parameter/snow_1.inpts;basicgeotop:/scratch/s/stgruber/vpo001/gtpem_runs/Caucasus/Aksaut/parameter/pointmaxswe_2000.inpts;basicgeotop:/scratch/s/stgruber/vpo001/gtpem_runs/Caucasus/Aksaut/parameter/soil_rock.inpts;basicgeotop:/scratch/s/stgruber/vpo001/gtpem_runs/Caucasus/Aksaut/parameter/loc/loc_aksaut_3100.inpts
40b09f0fc9d94094b8e0cfc77bdd3d75,aksaut_3100,gt_aksaut_3100_merra2_4d3e3d4,geotop,scaled_merra2_Aksaut_3alt,basicgeotop:/scratch/s/stgruber/vpo001/gtpem_runs/Caucasus/Aksaut/parameter/aspect_67.5.inpts;basicgeotop:/scratch/s/stgruber/vpo001/gtpem_runs/Caucasus/Aksaut/parameter/slope_70.inpts;basicgeotop:/scratch/s/stgruber/vpo001/gtpem_runs/Caucasus/Aksaut/parameter/snow_1.2.inpts;basicgeotop:/scratch/s/stgruber/vpo001/gtpem_runs/Caucasus/Aksaut/parameter/pointmaxswe_2000.inpts;basicgeotop:/scratch/s/stgruber/vpo001/gtpem_runs/Caucasus/Aksaut/parameter/soil_rock.inpts;basicgeotop:/scratch/s/stgruber/vpo001/gtpem_runs/Caucasus/Aksaut/parameter/loc/loc_aksaut_3100.inpts
1698594d1b1c43d3afce651b54119af4,aksaut_3100,gt_aksaut_3100_merra2_6d19975,geotop,scaled_merra2_Aksaut_3alt,basicgeotop:/scratch/s/stgruber/vpo001/gtpem_runs/Caucasus/Aksaut/parameter/aspect_67.5.inpts;basicgeotop:/scratch/s/stgruber/vpo001/gtpem_runs/Caucasus/Aksaut/parameter/slope_75.inpts;basicgeotop:/scratch/s/stgruber/vpo001/gtpem_runs/Caucasus/Aksaut/parameter/snow_0.8.inpts;basicgeotop:/scratch/s/stgruber/vpo001/gtpem_runs/Caucasus/Aksaut/parameter/pointmaxswe_2000.inpts;basicgeotop:/scratch/s/stgruber/vpo001/gtpem_runs/Caucasus/Aksaut/parameter/soil_rock.inpts;basicgeotop:/scratch/s/stgruber/vpo001/gtpem_runs/Caucasus/Aksaut/parameter/loc/loc_aksaut_3100.inpts
d933bf9b6463427fb6a3375e126f5f63,aksaut_3100,gt_aksaut_3100_merra2_7ca8eb1,geotop,scaled_merra2_Aksaut_3alt,basicgeotop:/scratch/s/stgruber/vpo001/gtpem_runs/Caucasus/Aksaut/parameter/aspect_67.5.inpts;basicgeotop:/scratch/s/stgruber/vpo001/gtpem_runs/Caucasus/Aksaut/parameter/slope_75.inpts;basicgeotop:/scratch/s/stgruber/vpo001/gtpem_runs/Caucasus/Aksaut/parameter/snow_1.inpts;basicgeotop:/scratch/s/stgruber/vpo001/gtpem_runs/Caucasus/Aksaut/parameter/pointmaxswe_2000.inpts;basicgeotop:/scratch/s/stgruber/vpo001/gtpem_runs/Caucasus/Aksaut/parameter/soil_rock.inpts;basicgeotop:/scratch/s/stgruber/vpo001/gtpem_runs/Caucasus/Aksaut/parameter/loc/loc_aksaut_3100.inpts
7d0545105ac94780a28cfce4b7778110,aksaut_3100,gt_aksaut_3100_merra2_e1d24cb,geotop,scaled_merra2_Aksaut_3alt,basicgeotop:/scratch/s/stgruber/vpo001/gtpem_runs/Caucasus/Aksaut/parameter/aspect_67.5.inpts;basicgeotop:/scratch/s/stgruber/vpo001/gtpem_runs/Caucasus/Aksaut/parameter/slope_75.inpts;basicgeotop:/scratch/s/stgruber/vpo001/gtpem_runs/Caucasus/Aksaut/parameter/snow_1.2.inpts;basicgeotop:/scratch/s/stgruber/vpo001/gtpem_runs/Caucasus/Aksaut/parameter/pointmaxswe_2000.inpts;basicgeotop:/scratch/s/stgruber/vpo001/gtpem_runs/Caucasus/Aksaut/parameter/soil_rock.inpts;basicgeotop:/scratch/s/stgruber/vpo001/gtpem_runs/Caucasus/Aksaut/parameter/loc/loc_aksaut_3100.inpts
0c690df337b84dc3914fb10c7101e529,aksaut_3300,gt_aksaut_3300_merra2_80d4f0a,geotop,scaled_merra2_Aksaut_3alt,basicgeotop:/scratch/s/stgruber/vpo001/gtpem_runs/Caucasus/Aksaut/parameter/aspect_22.5.inpts;basicgeotop:/scratch/s/stgruber/vpo001/gtpem_runs/Caucasus/Aksaut/parameter/slope_55.inpts;basicgeotop:/scratch/s/stgruber/vpo001/gtpem_runs/Caucasus/Aksaut/parameter/snow_0.8.inpts;basicgeotop:/scratch/s/stgruber/vpo001/gtpem_runs/Caucasus/Aksaut/parameter/pointmaxswe_2000.inpts;basicgeotop:/scratch/s/stgruber/vpo001/gtpem_runs/Caucasus/Aksaut/parameter/soil_rock.inpts;basicgeotop:/scratch/s/stgruber/vpo001/gtpem_runs/Caucasus/Aksaut/parameter/loc/loc_aksaut_3300.inpts
58b4abf192b942d388c48e8cdb4ec5e4,aksaut_3300,gt_aksaut_3300_merra2_d852268,geotop,scaled_merra2_Aksaut_3alt,basicgeotop:/scratch/s/stgruber/vpo001/gtpem_runs/Caucasus/Aksaut/parameter/aspect_22.5.inpts;basicgeotop:/scratch/s/stgruber/vpo001/gtpem_runs/Caucasus/Aksaut/parameter/slope_55.inpts;basicgeotop:/scratch/s/stgruber/vpo001/gtpem_runs/Caucasus/Aksaut/parameter/snow_1.inpts;basicgeotop:/scratch/s/stgruber/vpo001/gtpem_runs/Caucasus/Aksaut/parameter/pointmaxswe_2000.inpts;basicgeotop:/scratch/s/stgruber/vpo001/gtpem_runs/Caucasus/Aksaut/parameter/soil_rock.inpts;basicgeotop:/scratch/s/stgruber/vpo001/gtpem_runs/Caucasus/Aksaut/parameter/loc/loc_aksaut_3300.inpts
f5ecf99f4b7e4b4b913a41ca5ea6ce9a,aksaut_3300,gt_aksaut_3300_merra2_329b7b2,geotop,scaled_merra2_Aksaut_3alt,basicgeotop:/scratch/s/stgruber/vpo001/gtpem_runs/Caucasus/Aksaut/parameter/aspect_22.5.inpts;basicgeotop:/scratch/s/stgruber/vpo001/gtpem_runs/Caucasus/Aksaut/parameter/slope_55.inpts;basicgeotop:/scratch/s/stgruber/vpo001/gtpem_runs/Caucasus/Aksaut/parameter/snow_1.2.inpts;basicgeotop:/scratch/s/stgruber/vpo001/gtpem_runs/Caucasus/Aksaut/parameter/pointmaxswe_2000.inpts;basicgeotop:/scratch/s/stgruber/vpo001/gtpem_runs/Caucasus/Aksaut/parameter/soil_rock.inpts;basicgeotop:/scratch/s/stgruber/vpo001/gtpem_runs/Caucasus/Aksaut/parameter/loc/loc_aksaut_3300.inpts
cadf2ec7d32b4684abd0bb253040bd99,aksaut_3300,gt_aksaut_3300_merra2_ee0958e,geotop,scaled_merra2_Aksaut_3alt,basicgeotop:/scratch/s/stgruber/vpo001/gtpem_runs/Caucasus/Aksaut/parameter/aspect_22.5.inpts;basicgeotop:/scratch/s/stgruber/vpo001/gtpem_runs/Caucasus/Aksaut/parameter/slope_60.inpts;basicgeotop:/scratch/s/stgruber/vpo001/gtpem_runs/Caucasus/Aksaut/parameter/snow_0.8.inpts;basicgeotop:/scratch/s/stgruber/vpo001/gtpem_runs/Caucasus/Aksaut/parameter/pointmaxswe_2000.inpts;basicgeotop:/scratch/s/stgruber/vpo001/gtpem_runs/Caucasus/Aksaut/parameter/soil_rock.inpts;basicgeotop:/scratch/s/stgruber/vpo001/gtpem_runs/Caucasus/Aksaut/parameter/loc/loc_aksaut_3300.inpts
479633872e8d41af967af6f950515277,aksaut_3300,gt_aksaut_3300_merra2_c9b435d,geotop,scaled_merra2_Aksaut_3alt,basicgeotop:/scratch/s/stgruber/vpo001/gtpem_runs/Caucasus/Aksaut/parameter/aspect_22.5.inpts;basicgeotop:/scratch/s/stgruber/vpo001/gtpem_runs/Caucasus/Aksaut/parameter/slope_60.inpts;basicgeotop:/scratch/s/stgruber/vpo001/gtpem_runs/Caucasus/Aksaut/parameter/snow_1.inpts;basicgeotop:/scratch/s/stgruber/vpo001/gtpem_runs/Caucasus/Aksaut/parameter/pointmaxswe_2000.inpts;basicgeotop:/scratch/s/stgruber/vpo001/gtpem_runs/Caucasus/Aksaut/parameter/soil_rock.inpts;basicgeotop:/scratch/s/stgruber/vpo001/gtpem_runs/Caucasus/Aksaut/parameter/loc/loc_aksaut_3300.inpts
bf96206339804005bfb45b531961a76b,aksaut_3300,gt_aksaut_3300_merra2_c1092b7,geotop,scaled_merra2_Aksaut_3alt,basicgeotop:/scratch/s/stgruber/vpo001/gtpem_runs/Caucasus/Aksaut/parameter/aspect_22.5.inpts;basicgeotop:/scratch/s/stgruber/vpo001/gtpem_runs/Caucasus/Aksaut/parameter/slope_60.inpts;basicgeotop:/scratch/s/stgruber/vpo001/gtpem_runs/Caucasus/Aksaut/parameter/snow_1.2.inpts;basicgeotop:/scratch/s/stgruber/vpo001/gtpem_runs/Caucasus/Aksaut/parameter/pointmaxswe_2000.inpts;basicgeotop:/scratch/s/stgruber/vpo001/gtpem_runs/Caucasus/Aksaut/parameter/soil_rock.inpts;basicgeotop:/scratch/s/stgruber/vpo001/gtpem_runs/Caucasus/Aksaut/parameter/loc/loc_aksaut_3300.inpts
6d4b6316edbc42b6965dc20d7eeaa7e1,aksaut_3300,gt_aksaut_3300_merra2_dac8c08,geotop,scaled_merra2_Aksaut_3alt,basicgeotop:/scratch/s/stgruber/vpo001/gtpem_runs/Caucasus/Aksaut/parameter/aspect_22.5.inpts;basicgeotop:/scratch/s/stgruber/vpo001/gtpem_runs/Caucasus/Aksaut/parameter/slope_65.inpts;basicgeotop:/scratch/s/stgruber/vpo001/gtpem_runs/Caucasus/Aksaut/parameter/snow_0.8.inpts;basicgeotop:/scratch/s/stgruber/vpo001/gtpem_runs/Caucasus/Aksaut/parameter/pointmaxswe_2000.inpts;basicgeotop:/scratch/s/stgruber/vpo001/gtpem_runs/Caucasus/Aksaut/parameter/soil_rock.inpts;basicgeotop:/scratch/s/stgruber/vpo001/gtpem_runs/Caucasus/Aksaut/parameter/loc/loc_aksaut_3300.inpts
c6b9207a8461457fb427ae9bc1dbb1c4,aksaut_3300,gt_aksaut_3300_merra2_1c56492,geotop,scaled_merra2_Aksaut_3alt,basicgeotop:/scratch/s/stgruber/vpo001/gtpem_runs/Caucasus/Aksaut/parameter/aspect_22.5.inpts;basicgeotop:/scratch/s/stgruber/vpo001/gtpem_runs/Caucasus/Aksaut/parameter/slope_65.inpts;basicgeotop:/scratch/s/stgruber/vpo001/gtpem_runs/Caucasus/Aksaut/parameter/snow_1.inpts;basicgeotop:/scratch/s/stgruber/vpo001/gtpem_runs/Caucasus/Aksaut/parameter/pointmaxswe_2000.inpts;basicgeotop:/scratch/s/stgruber/vpo001/gtpem_runs/Caucasus/Aksaut/parameter/soil_rock.inpts;basicgeotop:/scratch/s/stgruber/vpo001/gtpem_runs/Caucasus/Aksaut/parameter/loc/loc_aksaut_3300.inpts
0a8ef521371e434a80ab0591b4f30dc7,aksaut_3300,gt_aksaut_3300_merra2_69d7bde,geotop,scaled_merra2_Aksaut_3alt,basicgeotop:/scratch/s/stgruber/vpo001/gtpem_runs/Caucasus/Aksaut/parameter/aspect_22.5.inpts;basicgeotop:/scratch/s/stgruber/vpo001/gtpem_runs/Caucasus/Aksaut/parameter/slope_65.inpts;basicgeotop:/scratch/s/stgruber/vpo001/gtpem_runs/Caucasus/Aksaut/parameter/snow_1.2.inpts;basicgeotop:/scratch/s/stgruber/vpo001/gtpem_runs/Caucasus/Aksaut/parameter/pointmaxswe_2000.inpts;basicgeotop:/scratch/s/stgruber/vpo001/gtpem_runs/Caucasus/Aksaut/parameter/soil_rock.inpts;basicgeotop:/scratch/s/stgruber/vpo001/gtpem_runs/Caucasus/Aksaut/parameter/loc/loc_aksaut_3300.inpts
6e73261473d4449cb35af5ae93f0eb07,aksaut_3300,gt_aksaut_3300_merra2_4e5b378,geotop,scaled_merra2_Aksaut_3alt,basicgeotop:/scratch/s/stgruber/vpo001/gtpem_runs/Caucasus/Aksaut/parameter/aspect_22.5.inpts;basicgeotop:/scratch/s/stgruber/vpo001/gtpem_runs/Caucasus/Aksaut/parameter/slope_70.inpts;basicgeotop:/scratch/s/stgruber/vpo001/gtpem_runs/Caucasus/Aksaut/parameter/snow_0.8.inpts;basicgeotop:/scratch/s/stgruber/vpo001/gtpem_runs/Caucasus/Aksaut/parameter/pointmaxswe_2000.inpts;basicgeotop:/scratch/s/stgruber/vpo001/gtpem_runs/Caucasus/Aksaut/parameter/soil_rock.inpts;basicgeotop:/scratch/s/stgruber/vpo001/gtpem_runs/Caucasus/Aksaut/parameter/loc/loc_aksaut_3300.inpts
68749d2569214a01897b1b3fd9fe7370,aksaut_3300,gt_aksaut_3300_merra2_a9e60ad,geotop,scaled_merra2_Aksaut_3alt,basicgeotop:/scratch/s/stgruber/vpo001/gtpem_runs/Caucasus/Aksaut/parameter/aspect_22.5.inpts;basicgeotop:/scratch/s/stgruber/vpo001/gtpem_runs/Caucasus/Aksaut/parameter/slope_70.inpts;basicgeotop:/scratch/s/stgruber/vpo001/gtpem_runs/Caucasus/Aksaut/parameter/snow_1.inpts;basicgeotop:/scratch/s/stgruber/vpo001/gtpem_runs/Caucasus/Aksaut/parameter/pointmaxswe_2000.inpts;basicgeotop:/scratch/s/stgruber/vpo001/gtpem_runs/Caucasus/Aksaut/parameter/soil_rock.inpts;basicgeotop:/scratch/s/stgruber/vpo001/gtpem_runs/Caucasus/Aksaut/parameter/loc/loc_aksaut_3300.inpts
d43ad77d69c84fdd96307ff17d7a81f3,aksaut_3300,gt_aksaut_3300_merra2_5539a1c,geotop,scaled_merra2_Aksaut_3alt,basicgeotop:/scratch/s/stgruber/vpo001/gtpem_runs/Caucasus/Aksaut/parameter/aspect_22.5.inpts;basicgeotop:/scratch/s/stgruber/vpo001/gtpem_runs/Caucasus/Aksaut/parameter/slope_70.inpts;basicgeotop:/scratch/s/stgruber/vpo001/gtpem_runs/Caucasus/Aksaut/parameter/snow_1.2.inpts;basicgeotop:/scratch/s/stgruber/vpo001/gtpem_runs/Caucasus/Aksaut/parameter/pointmaxswe_2000.inpts;basicgeotop:/scratch/s/stgruber/vpo001/gtpem_runs/Caucasus/Aksaut/parameter/soil_rock.inpts;basicgeotop:/scratch/s/stgruber/vpo001/gtpem_runs/Caucasus/Aksaut/parameter/loc/loc_aksaut_3300.inpts
333244ea5af049e6904bcd3fccfde46d,aksaut_3300,gt_aksaut_3300_merra2_ef32fb1,geotop,scaled_merra2_Aksaut_3alt,basicgeotop:/scratch/s/stgruber/vpo001/gtpem_runs/Caucasus/Aksaut/parameter/aspect_22.5.inpts;basicgeotop:/scratch/s/stgruber/vpo001/gtpem_runs/Caucasus/Aksaut/parameter/slope_75.inpts;basicgeotop:/scratch/s/stgruber/vpo001/gtpem_runs/Caucasus/Aksaut/parameter/snow_0.8.inpts;basicgeotop:/scratch/s/stgruber/vpo001/gtpem_runs/Caucasus/Aksaut/parameter/pointmaxswe_2000.inpts;basicgeotop:/scratch/s/stgruber/vpo001/gtpem_runs/Caucasus/Aksaut/parameter/soil_rock.inpts;basicgeotop:/scratch/s/stgruber/vpo001/gtpem_runs/Caucasus/Aksaut/parameter/loc/loc_aksaut_3300.inpts
71545c474d8d41568908e51c29473c1a,aksaut_3300,gt_aksaut_3300_merra2_c3da678,geotop,scaled_merra2_Aksaut_3alt,basicgeotop:/scratch/s/stgruber/vpo001/gtpem_runs/Caucasus/Aksaut/parameter/aspect_22.5.inpts;basicgeotop:/scratch/s/stgruber/vpo001/gtpem_runs/Caucasus/Aksaut/parameter/slope_75.inpts;basicgeotop:/scratch/s/stgruber/vpo001/gtpem_runs/Caucasus/Aksaut/parameter/snow_1.inpts;basicgeotop:/scratch/s/stgruber/vpo001/gtpem_runs/Caucasus/Aksaut/parameter/pointmaxswe_2000.inpts;basicgeotop:/scratch/s/stgruber/vpo001/gtpem_runs/Caucasus/Aksaut/parameter/soil_rock.inpts;basicgeotop:/scratch/s/stgruber/vpo001/gtpem_runs/Caucasus/Aksaut/parameter/loc/loc_aksaut_3300.inpts
5b9e4fd2ad1640e3b69033b86bec3324,aksaut_3300,gt_aksaut_3300_merra2_bbaee5d,geotop,scaled_merra2_Aksaut_3alt,basicgeotop:/scratch/s/stgruber/vpo001/gtpem_runs/Caucasus/Aksaut/parameter/aspect_22.5.inpts;basicgeotop:/scratch/s/stgruber/vpo001/gtpem_runs/Caucasus/Aksaut/parameter/slope_75.inpts;basicgeotop:/scratch/s/stgruber/vpo001/gtpem_runs/Caucasus/Aksaut/parameter/snow_1.2.inpts;basicgeotop:/scratch/s/stgruber/vpo001/gtpem_runs/Caucasus/Aksaut/parameter/pointmaxswe_2000.inpts;basicgeotop:/scratch/s/stgruber/vpo001/gtpem_runs/Caucasus/Aksaut/parameter/soil_rock.inpts;basicgeotop:/scratch/s/stgruber/vpo001/gtpem_runs/Caucasus/Aksaut/parameter/loc/loc_aksaut_3300.inpts
54769a3dd8c449f98440a5bf273a5eb5,aksaut_3300,gt_aksaut_3300_merra2_f683a07,geotop,scaled_merra2_Aksaut_3alt,basicgeotop:/scratch/s/stgruber/vpo001/gtpem_runs/Caucasus/Aksaut/parameter/aspect_45.inpts;basicgeotop:/scratch/s/stgruber/vpo001/gtpem_runs/Caucasus/Aksaut/parameter/slope_55.inpts;basicgeotop:/scratch/s/stgruber/vpo001/gtpem_runs/Caucasus/Aksaut/parameter/snow_0.8.inpts;basicgeotop:/scratch/s/stgruber/vpo001/gtpem_runs/Caucasus/Aksaut/parameter/pointmaxswe_2000.inpts;basicgeotop:/scratch/s/stgruber/vpo001/gtpem_runs/Caucasus/Aksaut/parameter/soil_rock.inpts;basicgeotop:/scratch/s/stgruber/vpo001/gtpem_runs/Caucasus/Aksaut/parameter/loc/loc_aksaut_3300.inpts
ecceacb6009e4b2fa461a1eea39c7eb8,aksaut_3300,gt_aksaut_3300_merra2_d9612f9,geotop,scaled_merra2_Aksaut_3alt,basicgeotop:/scratch/s/stgruber/vpo001/gtpem_runs/Caucasus/Aksaut/parameter/aspect_45.inpts;basicgeotop:/scratch/s/stgruber/vpo001/gtpem_runs/Caucasus/Aksaut/parameter/slope_55.inpts;basicgeotop:/scratch/s/stgruber/vpo001/gtpem_runs/Caucasus/Aksaut/parameter/snow_1.inpts;basicgeotop:/scratch/s/stgruber/vpo001/gtpem_runs/Caucasus/Aksaut/parameter/pointmaxswe_2000.inpts;basicgeotop:/scratch/s/stgruber/vpo001/gtpem_runs/Caucasus/Aksaut/parameter/soil_rock.inpts;basicgeotop:/scratch/s/stgruber/vpo001/gtpem_runs/Caucasus/Aksaut/parameter/loc/loc_aksaut_3300.inpts
8b98f14e5e7e42ebb6998b86373cea69,aksaut_3300,gt_aksaut_3300_merra2_394fd54,geotop,scaled_merra2_Aksaut_3alt,basicgeotop:/scratch/s/stgruber/vpo001/gtpem_runs/Caucasus/Aksaut/parameter/aspect_45.inpts;basicgeotop:/scratch/s/stgruber/vpo001/gtpem_runs/Caucasus/Aksaut/parameter/slope_55.inpts;basicgeotop:/scratch/s/stgruber/vpo001/gtpem_runs/Caucasus/Aksaut/parameter/snow_1.2.inpts;basicgeotop:/scratch/s/stgruber/vpo001/gtpem_runs/Caucasus/Aksaut/parameter/pointmaxswe_2000.inpts;basicgeotop:/scratch/s/stgruber/vpo001/gtpem_runs/Caucasus/Aksaut/parameter/soil_rock.inpts;basicgeotop:/scratch/s/stgruber/vpo001/gtpem_runs/Caucasus/Aksaut/parameter/loc/loc_aksaut_3300.inpts
e82c447cca2e4d5e9375892a73dbb941,aksaut_3300,gt_aksaut_3300_merra2_d48fd9b,geotop,scaled_merra2_Aksaut_3alt,basicgeotop:/scratch/s/stgruber/vpo001/gtpem_runs/Caucasus/Aksaut/parameter/aspect_45.inpts;basicgeotop:/scratch/s/stgruber/vpo001/gtpem_runs/Caucasus/Aksaut/parameter/slope_60.inpts;basicgeotop:/scratch/s/stgruber/vpo001/gtpem_runs/Caucasus/Aksaut/parameter/snow_0.8.inpts;basicgeotop:/scratch/s/stgruber/vpo001/gtpem_runs/Caucasus/Aksaut/parameter/pointmaxswe_2000.inpts;basicgeotop:/scratch/s/stgruber/vpo001/gtpem_runs/Caucasus/Aksaut/parameter/soil_rock.inpts;basicgeotop:/scratch/s/stgruber/vpo001/gtpem_runs/Caucasus/Aksaut/parameter/loc/loc_aksaut_3300.inpts
7da57f5b0ca546f9a68e391606168d2e,aksaut_3300,gt_aksaut_3300_merra2_25d4d7e,geotop,scaled_merra2_Aksaut_3alt,basicgeotop:/scratch/s/stgruber/vpo001/gtpem_runs/Caucasus/Aksaut/parameter/aspect_45.inpts;basicgeotop:/scratch/s/stgruber/vpo001/gtpem_runs/Caucasus/Aksaut/parameter/slope_60.inpts;basicgeotop:/scratch/s/stgruber/vpo001/gtpem_runs/Caucasus/Aksaut/parameter/snow_1.inpts;basicgeotop:/scratch/s/stgruber/vpo001/gtpem_runs/Caucasus/Aksaut/parameter/pointmaxswe_2000.inpts;basicgeotop:/scratch/s/stgruber/vpo001/gtpem_runs/Caucasus/Aksaut/parameter/soil_rock.inpts;basicgeotop:/scratch/s/stgruber/vpo001/gtpem_runs/Caucasus/Aksaut/parameter/loc/loc_aksaut_3300.inpts
22ac44c40a2048feaf270b84d99a073f,aksaut_3300,gt_aksaut_3300_merra2_d390b0f,geotop,scaled_merra2_Aksaut_3alt,basicgeotop:/scratch/s/stgruber/vpo001/gtpem_runs/Caucasus/Aksaut/parameter/aspect_45.inpts;basicgeotop:/scratch/s/stgruber/vpo001/gtpem_runs/Caucasus/Aksaut/parameter/slope_60.inpts;basicgeotop:/scratch/s/stgruber/vpo001/gtpem_runs/Caucasus/Aksaut/parameter/snow_1.2.inpts;basicgeotop:/scratch/s/stgruber/vpo001/gtpem_runs/Caucasus/Aksaut/parameter/pointmaxswe_2000.inpts;basicgeotop:/scratch/s/stgruber/vpo001/gtpem_runs/Caucasus/Aksaut/parameter/soil_rock.inpts;basicgeotop:/scratch/s/stgruber/vpo001/gtpem_runs/Caucasus/Aksaut/parameter/loc/loc_aksaut_3300.inpts
4c43babd5d48494badede746b8b25fd7,aksaut_3300,gt_aksaut_3300_merra2_b948182,geotop,scaled_merra2_Aksaut_3alt,basicgeotop:/scratch/s/stgruber/vpo001/gtpem_runs/Caucasus/Aksaut/parameter/aspect_45.inpts;basicgeotop:/scratch/s/stgruber/vpo001/gtpem_runs/Caucasus/Aksaut/parameter/slope_65.inpts;basicgeotop:/scratch/s/stgruber/vpo001/gtpem_runs/Caucasus/Aksaut/parameter/snow_0.8.inpts;basicgeotop:/scratch/s/stgruber/vpo001/gtpem_runs/Caucasus/Aksaut/parameter/pointmaxswe_2000.inpts;basicgeotop:/scratch/s/stgruber/vpo001/gtpem_runs/Caucasus/Aksaut/parameter/soil_rock.inpts;basicgeotop:/scratch/s/stgruber/vpo001/gtpem_runs/Caucasus/Aksaut/parameter/loc/loc_aksaut_3300.inpts
c435f01574154d15903096c9c59b565e,aksaut_3300,gt_aksaut_3300_merra2_c481dc4,geotop,scaled_merra2_Aksaut_3alt,basicgeotop:/scratch/s/stgruber/vpo001/gtpem_runs/Caucasus/Aksaut/parameter/aspect_45.inpts;basicgeotop:/scratch/s/stgruber/vpo001/gtpem_runs/Caucasus/Aksaut/parameter/slope_65.inpts;basicgeotop:/scratch/s/stgruber/vpo001/gtpem_runs/Caucasus/Aksaut/parameter/snow_1.inpts;basicgeotop:/scratch/s/stgruber/vpo001/gtpem_runs/Caucasus/Aksaut/parameter/pointmaxswe_2000.inpts;basicgeotop:/scratch/s/stgruber/vpo001/gtpem_runs/Caucasus/Aksaut/parameter/soil_rock.inpts;basicgeotop:/scratch/s/stgruber/vpo001/gtpem_runs/Caucasus/Aksaut/parameter/loc/loc_aksaut_3300.inpts
46ea11debc0a450b97e2046f85d64824,aksaut_3300,gt_aksaut_3300_merra2_c2eeea0,geotop,scaled_merra2_Aksaut_3alt,basicgeotop:/scratch/s/stgruber/vpo001/gtpem_runs/Caucasus/Aksaut/parameter/aspect_45.inpts;basicgeotop:/scratch/s/stgruber/vpo001/gtpem_runs/Caucasus/Aksaut/parameter/slope_65.inpts;basicgeotop:/scratch/s/stgruber/vpo001/gtpem_runs/Caucasus/Aksaut/parameter/snow_1.2.inpts;basicgeotop:/scratch/s/stgruber/vpo001/gtpem_runs/Caucasus/Aksaut/parameter/pointmaxswe_2000.inpts;basicgeotop:/scratch/s/stgruber/vpo001/gtpem_runs/Caucasus/Aksaut/parameter/soil_rock.inpts;basicgeotop:/scratch/s/stgruber/vpo001/gtpem_runs/Caucasus/Aksaut/parameter/loc/loc_aksaut_3300.inpts
ff1b27b670b94a43bb0c9b83c030fe86,aksaut_3300,gt_aksaut_3300_merra2_eb2f396,geotop,scaled_merra2_Aksaut_3alt,basicgeotop:/scratch/s/stgruber/vpo001/gtpem_runs/Caucasus/Aksaut/parameter/aspect_45.inpts;basicgeotop:/scratch/s/stgruber/vpo001/gtpem_runs/Caucasus/Aksaut/parameter/slope_70.inpts;basicgeotop:/scratch/s/stgruber/vpo001/gtpem_runs/Caucasus/Aksaut/parameter/snow_0.8.inpts;basicgeotop:/scratch/s/stgruber/vpo001/gtpem_runs/Caucasus/Aksaut/parameter/pointmaxswe_2000.inpts;basicgeotop:/scratch/s/stgruber/vpo001/gtpem_runs/Caucasus/Aksaut/parameter/soil_rock.inpts;basicgeotop:/scratch/s/stgruber/vpo001/gtpem_runs/Caucasus/Aksaut/parameter/loc/loc_aksaut_3300.inpts
3cc2d7859b8a4f5496fcb2876972acc2,aksaut_3300,gt_aksaut_3300_merra2_f89ab1b,geotop,scaled_merra2_Aksaut_3alt,basicgeotop:/scratch/s/stgruber/vpo001/gtpem_runs/Caucasus/Aksaut/parameter/aspect_45.inpts;basicgeotop:/scratch/s/stgruber/vpo001/gtpem_runs/Caucasus/Aksaut/parameter/slope_70.inpts;basicgeotop:/scratch/s/stgruber/vpo001/gtpem_runs/Caucasus/Aksaut/parameter/snow_1.inpts;basicgeotop:/scratch/s/stgruber/vpo001/gtpem_runs/Caucasus/Aksaut/parameter/pointmaxswe_2000.inpts;basicgeotop:/scratch/s/stgruber/vpo001/gtpem_runs/Caucasus/Aksaut/parameter/soil_rock.inpts;basicgeotop:/scratch/s/stgruber/vpo001/gtpem_runs/Caucasus/Aksaut/parameter/loc/loc_aksaut_3300.inpts
214b5e095ea34acdb7a4cfabadfeb40f,aksaut_3300,gt_aksaut_3300_merra2_b9a633c,geotop,scaled_merra2_Aksaut_3alt,basicgeotop:/scratch/s/stgruber/vpo001/gtpem_runs/Caucasus/Aksaut/parameter/aspect_45.inpts;basicgeotop:/scratch/s/stgruber/vpo001/gtpem_runs/Caucasus/Aksaut/parameter/slope_70.inpts;basicgeotop:/scratch/s/stgruber/vpo001/gtpem_runs/Caucasus/Aksaut/parameter/snow_1.2.inpts;basicgeotop:/scratch/s/stgruber/vpo001/gtpem_runs/Caucasus/Aksaut/parameter/pointmaxswe_2000.inpts;basicgeotop:/scratch/s/stgruber/vpo001/gtpem_runs/Caucasus/Aksaut/parameter/soil_rock.inpts;basicgeotop:/scratch/s/stgruber/vpo001/gtpem_runs/Caucasus/Aksaut/parameter/loc/loc_aksaut_3300.inpts
d91b8b9275f14767af6e01113e2e4579,aksaut_3300,gt_aksaut_3300_merra2_0c347a8,geotop,scaled_merra2_Aksaut_3alt,basicgeotop:/scratch/s/stgruber/vpo001/gtpem_runs/Caucasus/Aksaut/parameter/aspect_45.inpts;basicgeotop:/scratch/s/stgruber/vpo001/gtpem_runs/Caucasus/Aksaut/parameter/slope_75.inpts;basicgeotop:/scratch/s/stgruber/vpo001/gtpem_runs/Caucasus/Aksaut/parameter/snow_0.8.inpts;basicgeotop:/scratch/s/stgruber/vpo001/gtpem_runs/Caucasus/Aksaut/parameter/pointmaxswe_2000.inpts;basicgeotop:/scratch/s/stgruber/vpo001/gtpem_runs/Caucasus/Aksaut/parameter/soil_rock.inpts;basicgeotop:/scratch/s/stgruber/vpo001/gtpem_runs/Caucasus/Aksaut/parameter/loc/loc_aksaut_3300.inpts
54344856636f49bba2bd4d14eb3ab2e2,aksaut_3300,gt_aksaut_3300_merra2_0346294,geotop,scaled_merra2_Aksaut_3alt,basicgeotop:/scratch/s/stgruber/vpo001/gtpem_runs/Caucasus/Aksaut/parameter/aspect_45.inpts;basicgeotop:/scratch/s/stgruber/vpo001/gtpem_runs/Caucasus/Aksaut/parameter/slope_75.inpts;basicgeotop:/scratch/s/stgruber/vpo001/gtpem_runs/Caucasus/Aksaut/parameter/snow_1.inpts;basicgeotop:/scratch/s/stgruber/vpo001/gtpem_runs/Caucasus/Aksaut/parameter/pointmaxswe_2000.inpts;basicgeotop:/scratch/s/stgruber/vpo001/gtpem_runs/Caucasus/Aksaut/parameter/soil_rock.inpts;basicgeotop:/scratch/s/stgruber/vpo001/gtpem_runs/Caucasus/Aksaut/parameter/loc/loc_aksaut_3300.inpts
4aaa647330284cfbb002b374528302e5,aksaut_3300,gt_aksaut_3300_merra2_091d115,geotop,scaled_merra2_Aksaut_3alt,basicgeotop:/scratch/s/stgruber/vpo001/gtpem_runs/Caucasus/Aksaut/parameter/aspect_45.inpts;basicgeotop:/scratch/s/stgruber/vpo001/gtpem_runs/Caucasus/Aksaut/parameter/slope_75.inpts;basicgeotop:/scratch/s/stgruber/vpo001/gtpem_runs/Caucasus/Aksaut/parameter/snow_1.2.inpts;basicgeotop:/scratch/s/stgruber/vpo001/gtpem_runs/Caucasus/Aksaut/parameter/pointmaxswe_2000.inpts;basicgeotop:/scratch/s/stgruber/vpo001/gtpem_runs/Caucasus/Aksaut/parameter/soil_rock.inpts;basicgeotop:/scratch/s/stgruber/vpo001/gtpem_runs/Caucasus/Aksaut/parameter/loc/loc_aksaut_3300.inpts
85313a5452e5484cbb70dbc024f63e2b,aksaut_3300,gt_aksaut_3300_merra2_593a542,geotop,scaled_merra2_Aksaut_3alt,basicgeotop:/scratch/s/stgruber/vpo001/gtpem_runs/Caucasus/Aksaut/parameter/aspect_67.5.inpts;basicgeotop:/scratch/s/stgruber/vpo001/gtpem_runs/Caucasus/Aksaut/parameter/slope_55.inpts;basicgeotop:/scratch/s/stgruber/vpo001/gtpem_runs/Caucasus/Aksaut/parameter/snow_0.8.inpts;basicgeotop:/scratch/s/stgruber/vpo001/gtpem_runs/Caucasus/Aksaut/parameter/pointmaxswe_2000.inpts;basicgeotop:/scratch/s/stgruber/vpo001/gtpem_runs/Caucasus/Aksaut/parameter/soil_rock.inpts;basicgeotop:/scratch/s/stgruber/vpo001/gtpem_runs/Caucasus/Aksaut/parameter/loc/loc_aksaut_3300.inpts
35d3c7d8163b4346a886d6fc1c53423d,aksaut_3300,gt_aksaut_3300_merra2_c7547c2,geotop,scaled_merra2_Aksaut_3alt,basicgeotop:/scratch/s/stgruber/vpo001/gtpem_runs/Caucasus/Aksaut/parameter/aspect_67.5.inpts;basicgeotop:/scratch/s/stgruber/vpo001/gtpem_runs/Caucasus/Aksaut/parameter/slope_55.inpts;basicgeotop:/scratch/s/stgruber/vpo001/gtpem_runs/Caucasus/Aksaut/parameter/snow_1.inpts;basicgeotop:/scratch/s/stgruber/vpo001/gtpem_runs/Caucasus/Aksaut/parameter/pointmaxswe_2000.inpts;basicgeotop:/scratch/s/stgruber/vpo001/gtpem_runs/Caucasus/Aksaut/parameter/soil_rock.inpts;basicgeotop:/scratch/s/stgruber/vpo001/gtpem_runs/Caucasus/Aksaut/parameter/loc/loc_aksaut_3300.inpts
8255d48eef634780bb4ddf8c385693f5,aksaut_3300,gt_aksaut_3300_merra2_b99980e,geotop,scaled_merra2_Aksaut_3alt,basicgeotop:/scratch/s/stgruber/vpo001/gtpem_runs/Caucasus/Aksaut/parameter/aspect_67.5.inpts;basicgeotop:/scratch/s/stgruber/vpo001/gtpem_runs/Caucasus/Aksaut/parameter/slope_55.inpts;basicgeotop:/scratch/s/stgruber/vpo001/gtpem_runs/Caucasus/Aksaut/parameter/snow_1.2.inpts;basicgeotop:/scratch/s/stgruber/vpo001/gtpem_runs/Caucasus/Aksaut/parameter/pointmaxswe_2000.inpts;basicgeotop:/scratch/s/stgruber/vpo001/gtpem_runs/Caucasus/Aksaut/parameter/soil_rock.inpts;basicgeotop:/scratch/s/stgruber/vpo001/gtpem_runs/Caucasus/Aksaut/parameter/loc/loc_aksaut_3300.inpts
e0635e6c559349c2bffb98ff908fcbb1,aksaut_3300,gt_aksaut_3300_merra2_3ff5932,geotop,scaled_merra2_Aksaut_3alt,basicgeotop:/scratch/s/stgruber/vpo001/gtpem_runs/Caucasus/Aksaut/parameter/aspect_67.5.inpts;basicgeotop:/scratch/s/stgruber/vpo001/gtpem_runs/Caucasus/Aksaut/parameter/slope_60.inpts;basicgeotop:/scratch/s/stgruber/vpo001/gtpem_runs/Caucasus/Aksaut/parameter/snow_0.8.inpts;basicgeotop:/scratch/s/stgruber/vpo001/gtpem_runs/Caucasus/Aksaut/parameter/pointmaxswe_2000.inpts;basicgeotop:/scratch/s/stgruber/vpo001/gtpem_runs/Caucasus/Aksaut/parameter/soil_rock.inpts;basicgeotop:/scratch/s/stgruber/vpo001/gtpem_runs/Caucasus/Aksaut/parameter/loc/loc_aksaut_3300.inpts
1bcb2282205342e6a53c8230a7fdf82b,aksaut_3300,gt_aksaut_3300_merra2_70121fc,geotop,scaled_merra2_Aksaut_3alt,basicgeotop:/scratch/s/stgruber/vpo001/gtpem_runs/Caucasus/Aksaut/parameter/aspect_67.5.inpts;basicgeotop:/scratch/s/stgruber/vpo001/gtpem_runs/Caucasus/Aksaut/parameter/slope_60.inpts;basicgeotop:/scratch/s/stgruber/vpo001/gtpem_runs/Caucasus/Aksaut/parameter/snow_1.inpts;basicgeotop:/scratch/s/stgruber/vpo001/gtpem_runs/Caucasus/Aksaut/parameter/pointmaxswe_2000.inpts;basicgeotop:/scratch/s/stgruber/vpo001/gtpem_runs/Caucasus/Aksaut/parameter/soil_rock.inpts;basicgeotop:/scratch/s/stgruber/vpo001/gtpem_runs/Caucasus/Aksaut/parameter/loc/loc_aksaut_3300.inpts
aec152c9964149fcab5de3f09a3edc53,aksaut_3300,gt_aksaut_3300_merra2_9fe3bcc,geotop,scaled_merra2_Aksaut_3alt,basicgeotop:/scratch/s/stgruber/vpo001/gtpem_runs/Caucasus/Aksaut/parameter/aspect_67.5.inpts;basicgeotop:/scratch/s/stgruber/vpo001/gtpem_runs/Caucasus/Aksaut/parameter/slope_60.inpts;basicgeotop:/scratch/s/stgruber/vpo001/gtpem_runs/Caucasus/Aksaut/parameter/snow_1.2.inpts;basicgeotop:/scratch/s/stgruber/vpo001/gtpem_runs/Caucasus/Aksaut/parameter/pointmaxswe_2000.inpts;basicgeotop:/scratch/s/stgruber/vpo001/gtpem_runs/Caucasus/Aksaut/parameter/soil_rock.inpts;basicgeotop:/scratch/s/stgruber/vpo001/gtpem_runs/Caucasus/Aksaut/parameter/loc/loc_aksaut_3300.inpts
726742be99a24e67b5b59ad8cc3634e0,aksaut_3300,gt_aksaut_3300_merra2_4b0b327,geotop,scaled_merra2_Aksaut_3alt,basicgeotop:/scratch/s/stgruber/vpo001/gtpem_runs/Caucasus/Aksaut/parameter/aspect_67.5.inpts;basicgeotop:/scratch/s/stgruber/vpo001/gtpem_runs/Caucasus/Aksaut/parameter/slope_65.inpts;basicgeotop:/scratch/s/stgruber/vpo001/gtpem_runs/Caucasus/Aksaut/parameter/snow_0.8.inpts;basicgeotop:/scratch/s/stgruber/vpo001/gtpem_runs/Caucasus/Aksaut/parameter/pointmaxswe_2000.inpts;basicgeotop:/scratch/s/stgruber/vpo001/gtpem_runs/Caucasus/Aksaut/parameter/soil_rock.inpts;basicgeotop:/scratch/s/stgruber/vpo001/gtpem_runs/Caucasus/Aksaut/parameter/loc/loc_aksaut_3300.inpts
f80c56a1c6da4c26a808eed0603f2396,aksaut_3300,gt_aksaut_3300_merra2_4eb1265,geotop,scaled_merra2_Aksaut_3alt,basicgeotop:/scratch/s/stgruber/vpo001/gtpem_runs/Caucasus/Aksaut/parameter/aspect_67.5.inpts;basicgeotop:/scratch/s/stgruber/vpo001/gtpem_runs/Caucasus/Aksaut/parameter/slope_65.inpts;basicgeotop:/scratch/s/stgruber/vpo001/gtpem_runs/Caucasus/Aksaut/parameter/snow_1.inpts;basicgeotop:/scratch/s/stgruber/vpo001/gtpem_runs/Caucasus/Aksaut/parameter/pointmaxswe_2000.inpts;basicgeotop:/scratch/s/stgruber/vpo001/gtpem_runs/Caucasus/Aksaut/parameter/soil_rock.inpts;basicgeotop:/scratch/s/stgruber/vpo001/gtpem_runs/Caucasus/Aksaut/parameter/loc/loc_aksaut_3300.inpts
edff6964b54442d5a306d11095f8c46d,aksaut_3300,gt_aksaut_3300_merra2_9ca2648,geotop,scaled_merra2_Aksaut_3alt,basicgeotop:/scratch/s/stgruber/vpo001/gtpem_runs/Caucasus/Aksaut/parameter/aspect_67.5.inpts;basicgeotop:/scratch/s/stgruber/vpo001/gtpem_runs/Caucasus/Aksaut/parameter/slope_65.inpts;basicgeotop:/scratch/s/stgruber/vpo001/gtpem_runs/Caucasus/Aksaut/parameter/snow_1.2.inpts;basicgeotop:/scratch/s/stgruber/vpo001/gtpem_runs/Caucasus/Aksaut/parameter/pointmaxswe_2000.inpts;basicgeotop:/scratch/s/stgruber/vpo001/gtpem_runs/Caucasus/Aksaut/parameter/soil_rock.inpts;basicgeotop:/scratch/s/stgruber/vpo001/gtpem_runs/Caucasus/Aksaut/parameter/loc/loc_aksaut_3300.inpts
12d5908e80be43ac9df8bfc28c68b99d,aksaut_3300,gt_aksaut_3300_merra2_4186979,geotop,scaled_merra2_Aksaut_3alt,basicgeotop:/scratch/s/stgruber/vpo001/gtpem_runs/Caucasus/Aksaut/parameter/aspect_67.5.inpts;basicgeotop:/scratch/s/stgruber/vpo001/gtpem_runs/Caucasus/Aksaut/parameter/slope_70.inpts;basicgeotop:/scratch/s/stgruber/vpo001/gtpem_runs/Caucasus/Aksaut/parameter/snow_0.8.inpts;basicgeotop:/scratch/s/stgruber/vpo001/gtpem_runs/Caucasus/Aksaut/parameter/pointmaxswe_2000.inpts;basicgeotop:/scratch/s/stgruber/vpo001/gtpem_runs/Caucasus/Aksaut/parameter/soil_rock.inpts;basicgeotop:/scratch/s/stgruber/vpo001/gtpem_runs/Caucasus/Aksaut/parameter/loc/loc_aksaut_3300.inpts
8345e313d64447d29ab2025b9868d094,aksaut_3300,gt_aksaut_3300_merra2_db8399c,geotop,scaled_merra2_Aksaut_3alt,basicgeotop:/scratch/s/stgruber/vpo001/gtpem_runs/Caucasus/Aksaut/parameter/aspect_67.5.inpts;basicgeotop:/scratch/s/stgruber/vpo001/gtpem_runs/Caucasus/Aksaut/parameter/slope_70.inpts;basicgeotop:/scratch/s/stgruber/vpo001/gtpem_runs/Caucasus/Aksaut/parameter/snow_1.inpts;basicgeotop:/scratch/s/stgruber/vpo001/gtpem_runs/Caucasus/Aksaut/parameter/pointmaxswe_2000.inpts;basicgeotop:/scratch/s/stgruber/vpo001/gtpem_runs/Caucasus/Aksaut/parameter/soil_rock.inpts;basicgeotop:/scratch/s/stgruber/vpo001/gtpem_runs/Caucasus/Aksaut/parameter/loc/loc_aksaut_3300.inpts
dc4edc91420b48c9ada5674023ad3139,aksaut_3300,gt_aksaut_3300_merra2_3e22df6,geotop,scaled_merra2_Aksaut_3alt,basicgeotop:/scratch/s/stgruber/vpo001/gtpem_runs/Caucasus/Aksaut/parameter/aspect_67.5.inpts;basicgeotop:/scratch/s/stgruber/vpo001/gtpem_runs/Caucasus/Aksaut/parameter/slope_70.inpts;basicgeotop:/scratch/s/stgruber/vpo001/gtpem_runs/Caucasus/Aksaut/parameter/snow_1.2.inpts;basicgeotop:/scratch/s/stgruber/vpo001/gtpem_runs/Caucasus/Aksaut/parameter/pointmaxswe_2000.inpts;basicgeotop:/scratch/s/stgruber/vpo001/gtpem_runs/Caucasus/Aksaut/parameter/soil_rock.inpts;basicgeotop:/scratch/s/stgruber/vpo001/gtpem_runs/Caucasus/Aksaut/parameter/loc/loc_aksaut_3300.inpts
ec59e9e6f085447381015ad67467d941,aksaut_3300,gt_aksaut_3300_merra2_fe85853,geotop,scaled_merra2_Aksaut_3alt,basicgeotop:/scratch/s/stgruber/vpo001/gtpem_runs/Caucasus/Aksaut/parameter/aspect_67.5.inpts;basicgeotop:/scratch/s/stgruber/vpo001/gtpem_runs/Caucasus/Aksaut/parameter/slope_75.inpts;basicgeotop:/scratch/s/stgruber/vpo001/gtpem_runs/Caucasus/Aksaut/parameter/snow_0.8.inpts;basicgeotop:/scratch/s/stgruber/vpo001/gtpem_runs/Caucasus/Aksaut/parameter/pointmaxswe_2000.inpts;basicgeotop:/scratch/s/stgruber/vpo001/gtpem_runs/Caucasus/Aksaut/parameter/soil_rock.inpts;basicgeotop:/scratch/s/stgruber/vpo001/gtpem_runs/Caucasus/Aksaut/parameter/loc/loc_aksaut_3300.inpts
d8b5a4f09b30407cb699c6a3f7255787,aksaut_3300,gt_aksaut_3300_merra2_88cc901,geotop,scaled_merra2_Aksaut_3alt,basicgeotop:/scratch/s/stgruber/vpo001/gtpem_runs/Caucasus/Aksaut/parameter/aspect_67.5.inpts;basicgeotop:/scratch/s/stgruber/vpo001/gtpem_runs/Caucasus/Aksaut/parameter/slope_75.inpts;basicgeotop:/scratch/s/stgruber/vpo001/gtpem_runs/Caucasus/Aksaut/parameter/snow_1.inpts;basicgeotop:/scratch/s/stgruber/vpo001/gtpem_runs/Caucasus/Aksaut/parameter/pointmaxswe_2000.inpts;basicgeotop:/scratch/s/stgruber/vpo001/gtpem_runs/Caucasus/Aksaut/parameter/soil_rock.inpts;basicgeotop:/scratch/s/stgruber/vpo001/gtpem_runs/Caucasus/Aksaut/parameter/loc/loc_aksaut_3300.inpts
02a0aa21c2654103b7d612aaf0b74a32,aksaut_3300,gt_aksaut_3300_merra2_a66fb96,geotop,scaled_merra2_Aksaut_3alt,basicgeotop:/scratch/s/stgruber/vpo001/gtpem_runs/Caucasus/Aksaut/parameter/aspect_67.5.inpts;basicgeotop:/scratch/s/stgruber/vpo001/gtpem_runs/Caucasus/Aksaut/parameter/slope_75.inpts;basicgeotop:/scratch/s/stgruber/vpo001/gtpem_runs/Caucasus/Aksaut/parameter/snow_1.2.inpts;basicgeotop:/scratch/s/stgruber/vpo001/gtpem_runs/Caucasus/Aksaut/parameter/pointmaxswe_2000.inpts;basicgeotop:/scratch/s/stgruber/vpo001/gtpem_runs/Caucasus/Aksaut/parameter/soil_rock.inpts;basicgeotop:/scratch/s/stgruber/vpo001/gtpem_runs/Caucasus/Aksaut/parameter/loc/loc_aksaut_3300.inpts
